States__Regions__Stations__Name,States__Regions__Stations__Lon,States__Regions__Stations__Lat,Color,DetailAlarm,type,Val
Praha 8-Karlín,14.442049,50.094238,FFFFFF,-1,SO2 1h,
Praha 8-Karlín,14.442049,50.094238,C7EAFB,1,NO2 1h,23.0
Praha 8-Karlín,14.442049,50.094238,FFFFFF,-1,CO 8h,
Praha 8-Karlín,14.442049,50.094238,FFF200,3,PM10 1h,43.0
Praha 8-Karlín,14.442049,50.094238,FFFFFF,-1,O3 1h,
Praha 8-Karlín,14.442049,50.094238,C7EAFB,-2,PM10 24h,41.8
Praha 8-Karlín,14.442049,50.094238,FFFFFF,-1,PM2_5 1h,
Praha 8-Karlín,14.442049,50.094238,FFF200,3,General,
Praha 2-Legerova (hot spot),14.430673,50.072388,FFFFFF,-1,SO2 1h,
Praha 2-Legerova (hot spot),14.430673,50.072388,FFF200,3,NO2 1h,57.2
Praha 2-Legerova (hot spot),14.430673,50.072388,C7EAFB,1,CO 8h,296
Praha 2-Legerova (hot spot),14.430673,50.072388,9BD3AE,2,PM10 1h,34.0
Praha 2-Legerova (hot spot),14.430673,50.072388,FFFFFF,-1,O3 1h,
Praha 2-Legerova (hot spot),14.430673,50.072388,C7EAFB,-2,PM10 24h,37.3
Praha 2-Legerova (hot spot),14.430673,50.072388,C7EAFB,-2,PM2_5 1h,30.0
Praha 2-Legerova (hot spot),14.430673,50.072388,FFF200,3,General,
Praha 1-n. Republiky,14.429220,50.088066,FFFFFF,-1,SO2 1h,
Praha 1-n. Republiky,14.429220,50.088066,9BD3AE,2,NO2 1h,31.9
Praha 1-n. Republiky,14.429220,50.088066,FFFFFF,-1,CO 8h,
Praha 1-n. Republiky,14.429220,50.088066,9BD3AE,2,PM10 1h,38.0
Praha 1-n. Republiky,14.429220,50.088066,FFFFFF,-1,O3 1h,
Praha 1-n. Republiky,14.429220,50.088066,C7EAFB,-2,PM10 24h,48.0
Praha 1-n. Republiky,14.429220,50.088066,FFFFFF,-1,PM2_5 1h,
Praha 1-n. Republiky,14.429220,50.088066,9BD3AE,2,General,
Praha 2-Riegrovy sady,14.442692,50.081482,C7EAFB,1,SO2 1h,7.7
Praha 2-Riegrovy sady,14.442692,50.081482,9BD3AE,2,NO2 1h,26.2
Praha 2-Riegrovy sady,14.442692,50.081482,FFFFFF,-1,CO 8h,
Praha 2-Riegrovy sady,14.442692,50.081482,9BD3AE,2,PM10 1h,32.0
Praha 2-Riegrovy sady,14.442692,50.081482,C7EAFB,-2,O3 1h,22.9
Praha 2-Riegrovy sady,14.442692,50.081482,C7EAFB,-2,PM10 24h,41.5
Praha 2-Riegrovy sady,14.442692,50.081482,C7EAFB,-2,PM2_5 1h,32.0
Praha 2-Riegrovy sady,14.442692,50.081482,9BD3AE,2,General,
Praha 5-Smíchov,14.398141,50.073135,FFFFFF,-1,SO2 1h,
Praha 5-Smíchov,14.398141,50.073135,C7EAFB,1,NO2 1h,23.1
Praha 5-Smíchov,14.398141,50.073135,FFFFFF,-1,CO 8h,
Praha 5-Smíchov,14.398141,50.073135,FFF200,3,PM10 1h,62.0
Praha 5-Smíchov,14.398141,50.073135,FFFFFF,-1,O3 1h,
Praha 5-Smíchov,14.398141,50.073135,C7EAFB,-2,PM10 24h,37.7
Praha 5-Smíchov,14.398141,50.073135,C7EAFB,-2,PM2_5 1h,37.0
Praha 5-Smíchov,14.398141,50.073135,FFF200,3,General,
Praha 10-Vršovice,14.446152,50.066429,FFFFFF,-1,SO2 1h,
Praha 10-Vršovice,14.446152,50.066429,FFFFFF,-1,NO2 1h,
Praha 10-Vršovice,14.446152,50.066429,FFFFFF,-1,CO 8h,
Praha 10-Vršovice,14.446152,50.066429,FFF200,3,PM10 1h,58.0
Praha 10-Vršovice,14.446152,50.066429,FFFFFF,-1,O3 1h,
Praha 10-Vršovice,14.446152,50.066429,C7EAFB,-2,PM10 24h,47.7
Praha 10-Vršovice,14.446152,50.066429,FFFFFF,-1,PM2_5 1h,
Praha 10-Vršovice,14.446152,50.066429,FFF200,3,General,
Praha 9-Vysočany,14.503096,50.111080,FFFFFF,-1,SO2 1h,
Praha 9-Vysočany,14.503096,50.111080,9BD3AE,2,NO2 1h,36.3
Praha 9-Vysočany,14.503096,50.111080,FFFFFF,-1,CO 8h,
Praha 9-Vysočany,14.503096,50.111080,FFF200,3,PM10 1h,45.0
Praha 9-Vysočany,14.503096,50.111080,C7EAFB,-2,O3 1h,17.8
Praha 9-Vysočany,14.503096,50.111080,C7EAFB,-2,PM10 24h,43.2
Praha 9-Vysočany,14.503096,50.111080,FFFFFF,-1,PM2_5 1h,
Praha 9-Vysočany,14.503096,50.111080,FFF200,3,General,
Praha 8-Kobylisy,14.467578,50.122189,FFFFFF,-1,SO2 1h,
Praha 8-Kobylisy,14.467578,50.122189,C7EAFB,1,NO2 1h,18.2
Praha 8-Kobylisy,14.467578,50.122189,FFFFFF,-1,CO 8h,
Praha 8-Kobylisy,14.467578,50.122189,FFF200,3,PM10 1h,52.0
Praha 8-Kobylisy,14.467578,50.122189,C7EAFB,-2,O3 1h,24.9
Praha 8-Kobylisy,14.467578,50.122189,C7EAFB,-2,PM10 24h,37.8
Praha 8-Kobylisy,14.467578,50.122189,FFFFFF,-1,PM2_5 1h,
Praha 8-Kobylisy,14.467578,50.122189,FFF200,3,General,
Praha 4-Libuš,14.445933,50.007305,C7EAFB,1,SO2 1h,8.0
Praha 4-Libuš,14.445933,50.007305,9BD3AE,2,NO2 1h,25.3
Praha 4-Libuš,14.445933,50.007305,C7EAFB,1,CO 8h,343
Praha 4-Libuš,14.445933,50.007305,9BD3AE,2,PM10 1h,20.2
Praha 4-Libuš,14.445933,50.007305,C7EAFB,-2,O3 1h,
Praha 4-Libuš,14.445933,50.007305,C7EAFB,-2,PM10 24h,43.3
Praha 4-Libuš,14.445933,50.007305,C7EAFB,-2,PM2_5 1h,26.7
Praha 4-Libuš,14.445933,50.007305,9BD3AE,2,General,
Praha 5-Stodůlky,14.331413,50.046131,FFFFFF,-1,SO2 1h,
Praha 5-Stodůlky,14.331413,50.046131,FFFFFF,-1,NO2 1h,
Praha 5-Stodůlky,14.331413,50.046131,FFFFFF,-1,CO 8h,
Praha 5-Stodůlky,14.331413,50.046131,FFFFFF,0,PM10 1h,
Praha 5-Stodůlky,14.331413,50.046131,C7EAFB,-2,O3 1h,32.3
Praha 5-Stodůlky,14.331413,50.046131,C7EAFB,-2,PM10 24h,
Praha 5-Stodůlky,14.331413,50.046131,C7EAFB,-2,PM2_5 1h,41.0
Praha 5-Stodůlky,14.331413,50.046131,FFFFFF,0,General,
Praha 6-Suchdol,14.384639,50.126530,FFFFFF,-1,SO2 1h,
Praha 6-Suchdol,14.384639,50.126530,FFFFFF,-1,NO2 1h,
Praha 6-Suchdol,14.384639,50.126530,FFFFFF,-1,CO 8h,
Praha 6-Suchdol,14.384639,50.126530,FFF200,3,PM10 1h,46.0
Praha 6-Suchdol,14.384639,50.126530,C7EAFB,-2,O3 1h,35.3
Praha 6-Suchdol,14.384639,50.126530,C7EAFB,-2,PM10 24h,39.6
Praha 6-Suchdol,14.384639,50.126530,FFFFFF,-1,PM2_5 1h,
Praha 6-Suchdol,14.384639,50.126530,FFF200,3,General,
Praha 6-Břevnov,14.380116,50.084385,FFFFFF,-1,SO2 1h,
Praha 6-Břevnov,14.380116,50.084385,C7EAFB,1,NO2 1h,24.7
Praha 6-Břevnov,14.380116,50.084385,FFFFFF,-1,CO 8h,
Praha 6-Břevnov,14.380116,50.084385,9BD3AE,2,PM10 1h,36.0
Praha 6-Břevnov,14.380116,50.084385,FFFFFF,-1,O3 1h,
Praha 6-Břevnov,14.380116,50.084385,C7EAFB,-2,PM10 24h,38.4
Praha 6-Břevnov,14.380116,50.084385,FFFFFF,-1,PM2_5 1h,
Praha 6-Břevnov,14.380116,50.084385,9BD3AE,2,General,
Praha 4-Chodov,14.517450,50.030170,FFFFFF,-1,SO2 1h,
Praha 4-Chodov,14.517450,50.030170,C7EAFB,1,NO2 1h,23.1
Praha 4-Chodov,14.517450,50.030170,FFFFFF,-1,CO 8h,
Praha 4-Chodov,14.517450,50.030170,FFF200,3,PM10 1h,46.0
Praha 4-Chodov,14.517450,50.030170,FFFFFF,-1,O3 1h,
Praha 4-Chodov,14.517450,50.030170,C7EAFB,-2,PM10 24h,39.8
Praha 4-Chodov,14.517450,50.030170,FFFFFF,-1,PM2_5 1h,
Praha 4-Chodov,14.517450,50.030170,FFF200,3,General,
Praha 10-Průmyslová,14.537820,50.062298,FFFFFF,-1,SO2 1h,
Praha 10-Průmyslová,14.537820,50.062298,9BD3AE,2,NO2 1h,40.2
Praha 10-Průmyslová,14.537820,50.062298,FFFFFF,-1,CO 8h,
Praha 10-Průmyslová,14.537820,50.062298,FFF200,3,PM10 1h,70.0
Praha 10-Průmyslová,14.537820,50.062298,FFFFFF,-1,O3 1h,
Praha 10-Průmyslová,14.537820,50.062298,C7EAFB,-2,PM10 24h,47.0
Praha 10-Průmyslová,14.537820,50.062298,FFFFFF,-1,PM2_5 1h,
Praha 10-Průmyslová,14.537820,50.062298,FFF200,3,General,
Beroun,14.058300,49.957928,FFFFFF,-1,SO2 1h,
Beroun,14.058300,49.957928,C7EAFB,1,NO2 1h,19.9
Beroun,14.058300,49.957928,C7EAFB,1,CO 8h,270
Beroun,14.058300,49.957928,9BD3AE,2,PM10 1h,34.0
Beroun,14.058300,49.957928,FFFFFF,-1,O3 1h,
Beroun,14.058300,49.957928,C7EAFB,-2,PM10 24h,35.9
Beroun,14.058300,49.957928,C7EAFB,-2,PM2_5 1h,
Beroun,14.058300,49.957928,9BD3AE,2,General,
Kladno-střed města,14.101784,50.143860,FFFFFF,-1,SO2 1h,
Kladno-střed města,14.101784,50.143860,FFFFFF,-1,NO2 1h,
Kladno-střed města,14.101784,50.143860,FFFFFF,-1,CO 8h,
Kladno-střed města,14.101784,50.143860,9BD3AE,2,PM10 1h,40.0
Kladno-střed města,14.101784,50.143860,C7EAFB,-2,O3 1h,40.5
Kladno-střed města,14.101784,50.143860,C7EAFB,-2,PM10 24h,35.5
Kladno-střed města,14.101784,50.143860,C7EAFB,-2,PM2_5 1h,33.0
Kladno-střed města,14.101784,50.143860,9BD3AE,2,General,
Kladno-Švermov,14.106048,50.167412,C7EAFB,1,SO2 1h,3.7
Kladno-Švermov,14.106048,50.167412,C7EAFB,1,NO2 1h,15.7
Kladno-Švermov,14.106048,50.167412,FFFFFF,-1,CO 8h,
Kladno-Švermov,14.106048,50.167412,FFF200,3,PM10 1h,54.0
Kladno-Švermov,14.106048,50.167412,FFFFFF,-1,O3 1h,
Kladno-Švermov,14.106048,50.167412,C7EAFB,-2,PM10 24h,40.8
Kladno-Švermov,14.106048,50.167412,FFFFFF,-1,PM2_5 1h,
Kladno-Švermov,14.106048,50.167412,FFF200,3,General,
Mladá Boleslav,14.913859,50.428646,FFFFFF,-1,SO2 1h,
Mladá Boleslav,14.913859,50.428646,C7EAFB,1,NO2 1h,13.2
Mladá Boleslav,14.913859,50.428646,FFFFFF,-1,CO 8h,
Mladá Boleslav,14.913859,50.428646,C7EAFB,1,PM10 1h,17.0
Mladá Boleslav,14.913859,50.428646,C7EAFB,-2,O3 1h,40.9
Mladá Boleslav,14.913859,50.428646,C7EAFB,-2,PM10 24h,31.1
Mladá Boleslav,14.913859,50.428646,C7EAFB,-2,PM2_5 1h,26.0
Mladá Boleslav,14.913859,50.428646,C7EAFB,1,General,
Ondřejov,14.782625,49.913513,FFFFFF,-1,SO2 1h,
Ondřejov,14.782625,49.913513,FFFFFF,-1,NO2 1h,
Ondřejov,14.782625,49.913513,FFFFFF,-1,CO 8h,
Ondřejov,14.782625,49.913513,FFFFFF,-1,PM10 1h,
Ondřejov,14.782625,49.913513,C7EAFB,-2,O3 1h,40.1
Ondřejov,14.782625,49.913513,FFFFFF,-1,PM10 24h,
Ondřejov,14.782625,49.913513,FFFFFF,-1,PM2_5 1h,
Ondřejov,14.782625,49.913513,C7EAFB,-1,General,
Příbram,14.007740,49.684944,FFFFFF,-1,SO2 1h,
Příbram,14.007740,49.684944,C7EAFB,1,NO2 1h,16.1
Příbram,14.007740,49.684944,FFFFFF,-1,CO 8h,
Příbram,14.007740,49.684944,9BD3AE,2,PM10 1h,23.0
Příbram,14.007740,49.684944,FFFFFF,-1,O3 1h,
Příbram,14.007740,49.684944,C7EAFB,-2,PM10 24h,30.0
Příbram,14.007740,49.684944,FFFFFF,-1,PM2_5 1h,
Příbram,14.007740,49.684944,9BD3AE,2,General,
Rožďalovice-Ruská,15.178303,50.301983,C7EAFB,1,SO2 1h,1.3
Rožďalovice-Ruská,15.178303,50.301983,C7EAFB,1,NO2 1h,5.0
Rožďalovice-Ruská,15.178303,50.301983,FFFFFF,-1,CO 8h,
Rožďalovice-Ruská,15.178303,50.301983,9BD3AE,2,PM10 1h,31.0
Rožďalovice-Ruská,15.178303,50.301983,FFFFFF,-1,O3 1h,
Rožďalovice-Ruská,15.178303,50.301983,C7EAFB,-2,PM10 24h,31.2
Rožďalovice-Ruská,15.178303,50.301983,C7EAFB,-2,PM2_5 1h,38.0
Rožďalovice-Ruská,15.178303,50.301983,9BD3AE,2,General,
Tobolka-Čertovy schody,14.094489,49.918503,FFFFFF,-1,SO2 1h,
Tobolka-Čertovy schody,14.094489,49.918503,C7EAFB,1,NO2 1h,11.1
Tobolka-Čertovy schody,14.094489,49.918503,C7EAFB,1,CO 8h,267
Tobolka-Čertovy schody,14.094489,49.918503,FFFFFF,-1,PM10 1h,
Tobolka-Čertovy schody,14.094489,49.918503,C7EAFB,-2,O3 1h,38.1
Tobolka-Čertovy schody,14.094489,49.918503,FFFFFF,-1,PM10 24h,
Tobolka-Čertovy schody,14.094489,49.918503,C7EAFB,-2,PM2_5 1h,40.0
Tobolka-Čertovy schody,14.094489,49.918503,9BD3AE,-1,General,
České Budějovice,14.465684,48.984386,C7EAFB,1,SO2 1h,4.3
České Budějovice,14.465684,48.984386,C7EAFB,1,NO2 1h,21.2
České Budějovice,14.465684,48.984386,FFFFFF,-1,CO 8h,
České Budějovice,14.465684,48.984386,9BD3AE,2,PM10 1h,39.0
České Budějovice,14.465684,48.984386,C7EAFB,-2,O3 1h,20.0
České Budějovice,14.465684,48.984386,C7EAFB,-2,PM10 24h,18.8
České Budějovice,14.465684,48.984386,C7EAFB,-2,PM2_5 1h,24.0
České Budějovice,14.465684,48.984386,9BD3AE,2,General,
Churáňov,13.614801,49.068436,C7EAFB,1,SO2 1h,3.5
Churáňov,13.614801,49.068436,C7EAFB,1,NO2 1h,4.2
Churáňov,13.614801,49.068436,FFFFFF,-1,CO 8h,
Churáňov,13.614801,49.068436,FFFFFF,-1,PM10 1h,
Churáňov,13.614801,49.068436,C7EAFB,-2,O3 1h,34.9
Churáňov,13.614801,49.068436,FFFFFF,-1,PM10 24h,
Churáňov,13.614801,49.068436,C7EAFB,-2,PM2_5 1h,
Churáňov,13.614801,49.068436,9BD3AE,-1,General,
Hojná Voda,14.723382,48.724197,FFFFFF,-1,SO2 1h,
Hojná Voda,14.723382,48.724197,FFFFFF,-1,NO2 1h,
Hojná Voda,14.723382,48.724197,FFFFFF,-1,CO 8h,
Hojná Voda,14.723382,48.724197,C7EAFB,1,PM10 1h,20.0
Hojná Voda,14.723382,48.724197,C7EAFB,-2,O3 1h,33.9
Hojná Voda,14.723382,48.724197,C7EAFB,-2,PM10 24h,9.1
Hojná Voda,14.723382,48.724197,FFFFFF,-1,PM2_5 1h,
Hojná Voda,14.723382,48.724197,C7EAFB,1,General,
Kocelovice,13.838234,49.467243,FFFFFF,-1,SO2 1h,
Kocelovice,13.838234,49.467243,FFFFFF,-1,NO2 1h,
Kocelovice,13.838234,49.467243,FFFFFF,-1,CO 8h,
Kocelovice,13.838234,49.467243,FFFFFF,-1,PM10 1h,
Kocelovice,13.838234,49.467243,C7EAFB,-2,O3 1h,39.5
Kocelovice,13.838234,49.467243,FFFFFF,-1,PM10 24h,
Kocelovice,13.838234,49.467243,FFFFFF,-1,PM2_5 1h,
Kocelovice,13.838234,49.467243,C7EAFB,-1,General,
Prachatice,14.000444,49.016087,FFFFFF,0,SO2 1h,
Prachatice,14.000444,49.016087,C7EAFB,1,NO2 1h,12.6
Prachatice,14.000444,49.016087,FFFFFF,0,CO 8h,
Prachatice,14.000444,49.016087,9BD3AE,2,PM10 1h,21.0
Prachatice,14.000444,49.016087,C7EAFB,-2,O3 1h,28.9
Prachatice,14.000444,49.016087,C7EAFB,-2,PM10 24h,20.1
Prachatice,14.000444,49.016087,FFFFFF,-1,PM2_5 1h,
Prachatice,14.000444,49.016087,9BD3AE,2,General,
Tábor,14.676389,49.411232,FFFFFF,-1,SO2 1h,
Tábor,14.676389,49.411232,C7EAFB,1,NO2 1h,12.2
Tábor,14.676389,49.411232,C7EAFB,1,CO 8h,280
Tábor,14.676389,49.411232,FFF200,3,PM10 1h,50.0
Tábor,14.676389,49.411232,C7EAFB,-2,O3 1h,36.5
Tábor,14.676389,49.411232,C7EAFB,-2,PM10 24h,26.8
Tábor,14.676389,49.411232,FFFFFF,-1,PM2_5 1h,
Tábor,14.676389,49.411232,FFF200,3,General,
Kamenný Újezd,13.618538,49.722000,C7EAFB,1,SO2 1h,2.7
Kamenný Újezd,13.618538,49.722000,C7EAFB,1,NO2 1h,8.6
Kamenný Újezd,13.618538,49.722000,FFFFFF,-1,CO 8h,
Kamenný Újezd,13.618538,49.722000,9BD3AE,2,PM10 1h,34.0
Kamenný Újezd,13.618538,49.722000,FFFFFF,-1,O3 1h,
Kamenný Újezd,13.618538,49.722000,C7EAFB,-2,PM10 24h,30.5
Kamenný Újezd,13.618538,49.722000,C7EAFB,-2,PM2_5 1h,12.0
Kamenný Újezd,13.618538,49.722000,9BD3AE,2,General,
Plzeň-Slovany,13.402281,49.732449,C7EAFB,1,SO2 1h,3.7
Plzeň-Slovany,13.402281,49.732449,C7EAFB,1,NO2 1h,13.4
Plzeň-Slovany,13.402281,49.732449,C7EAFB,1,CO 8h,274
Plzeň-Slovany,13.402281,49.732449,9BD3AE,2,PM10 1h,25.0
Plzeň-Slovany,13.402281,49.732449,C7EAFB,-2,O3 1h,36.3
Plzeň-Slovany,13.402281,49.732449,C7EAFB,-2,PM10 24h,36.3
Plzeň-Slovany,13.402281,49.732449,C7EAFB,-2,PM2_5 1h,33.0
Plzeň-Slovany,13.402281,49.732449,9BD3AE,2,General,
Plzeň-Bory,13.375540,49.728394,C7EAFB,1,SO2 1h,8.8
Plzeň-Bory,13.375540,49.728394,C7EAFB,1,NO2 1h,8.0
Plzeň-Bory,13.375540,49.728394,C7EAFB,1,CO 8h,399
Plzeň-Bory,13.375540,49.728394,9BD3AE,2,PM10 1h,28.0
Plzeň-Bory,13.375540,49.728394,C7EAFB,-2,O3 1h,
Plzeň-Bory,13.375540,49.728394,C7EAFB,-2,PM10 24h,29.3
Plzeň-Bory,13.375540,49.728394,C7EAFB,-2,PM2_5 1h,28.0
Plzeň-Bory,13.375540,49.728394,9BD3AE,2,General,
Plzeň-střed,13.381039,49.747330,C7EAFB,1,SO2 1h,4.8
Plzeň-střed,13.381039,49.747330,C7EAFB,1,NO2 1h,11.9
Plzeň-střed,13.381039,49.747330,C7EAFB,1,CO 8h,261
Plzeň-střed,13.381039,49.747330,C7EAFB,1,PM10 1h,20.0
Plzeň-střed,13.381039,49.747330,FFFFFF,-1,O3 1h,
Plzeň-střed,13.381039,49.747330,C7EAFB,-2,PM10 24h,20.5
Plzeň-střed,13.381039,49.747330,C7EAFB,-2,PM2_5 1h,20.0
Plzeň-střed,13.381039,49.747330,C7EAFB,1,General,
Plzeň-Lochotín,13.368221,49.770126,C7EAFB,1,SO2 1h,7.7
Plzeň-Lochotín,13.368221,49.770126,C7EAFB,1,NO2 1h,9.9
Plzeň-Lochotín,13.368221,49.770126,FFFFFF,-1,CO 8h,
Plzeň-Lochotín,13.368221,49.770126,9BD3AE,2,PM10 1h,24.0
Plzeň-Lochotín,13.368221,49.770126,C7EAFB,-2,O3 1h,36.1
Plzeň-Lochotín,13.368221,49.770126,C7EAFB,-2,PM10 24h,26.0
Plzeň-Lochotín,13.368221,49.770126,C7EAFB,-2,PM2_5 1h,24.0
Plzeň-Lochotín,13.368221,49.770126,9BD3AE,2,General,
Plzeň-Skvrňany,13.320748,49.745991,C7EAFB,1,SO2 1h,4.0
Plzeň-Skvrňany,13.320748,49.745991,C7EAFB,1,NO2 1h,7.8
Plzeň-Skvrňany,13.320748,49.745991,FFFFFF,-1,CO 8h,
Plzeň-Skvrňany,13.320748,49.745991,9BD3AE,2,PM10 1h,24.0
Plzeň-Skvrňany,13.320748,49.745991,FFFFFF,-1,O3 1h,
Plzeň-Skvrňany,13.320748,49.745991,C7EAFB,-2,PM10 24h,25.3
Plzeň-Skvrňany,13.320748,49.745991,C7EAFB,-2,PM2_5 1h,23.0
Plzeň-Skvrňany,13.320748,49.745991,9BD3AE,2,General,
Plzeň-Doubravka,13.423381,49.768616,C7EAFB,1,SO2 1h,5.9
Plzeň-Doubravka,13.423381,49.768616,C7EAFB,1,NO2 1h,7.7
Plzeň-Doubravka,13.423381,49.768616,FFFFFF,-1,CO 8h,
Plzeň-Doubravka,13.423381,49.768616,9BD3AE,2,PM10 1h,33.0
Plzeň-Doubravka,13.423381,49.768616,C7EAFB,-2,O3 1h,41.9
Plzeň-Doubravka,13.423381,49.768616,C7EAFB,-2,PM10 24h,32.4
Plzeň-Doubravka,13.423381,49.768616,C7EAFB,-2,PM2_5 1h,30.0
Plzeň-Doubravka,13.423381,49.768616,9BD3AE,2,General,
Plzeň - mobil 20.03.2013 Plzeň - Litice,13.352594,49.692787,C7EAFB,1,SO2 1h,6.4
Plzeň - mobil 20.03.2013 Plzeň - Litice,13.352594,49.692787,C7EAFB,1,NO2 1h,11.3
Plzeň - mobil 20.03.2013 Plzeň - Litice,13.352594,49.692787,C7EAFB,1,CO 8h,467
Plzeň - mobil 20.03.2013 Plzeň - Litice,13.352594,49.692787,9BD3AE,2,PM10 1h,30.0
Plzeň - mobil 20.03.2013 Plzeň - Litice,13.352594,49.692787,C7EAFB,-2,O3 1h,40.7
Plzeň - mobil 20.03.2013 Plzeň - Litice,13.352594,49.692787,C7EAFB,-2,PM10 24h,35.7
Plzeň - mobil 20.03.2013 Plzeň - Litice,13.352594,49.692787,C7EAFB,-2,PM2_5 1h,30.0
Plzeň - mobil 20.03.2013 Plzeň - Litice,13.352594,49.692787,9BD3AE,2,General,
Přimda,12.677884,49.669582,FFFFFF,-1,SO2 1h,
Přimda,12.677884,49.669582,FFFFFF,-1,NO2 1h,
Přimda,12.677884,49.669582,FFFFFF,-1,CO 8h,
Přimda,12.677884,49.669582,FFFFFF,-1,PM10 1h,
Přimda,12.677884,49.669582,C7EAFB,-2,O3 1h,52.7
Přimda,12.677884,49.669582,FFFFFF,-1,PM10 24h,
Přimda,12.677884,49.669582,FFFFFF,-1,PM2_5 1h,
Přimda,12.677884,49.669582,9BD3AE,-1,General,
Cheb,12.363442,50.065861,FFFFFF,-1,SO2 1h,
Cheb,12.363442,50.065861,FFFFFF,-1,NO2 1h,
Cheb,12.363442,50.065861,FFFFFF,-1,CO 8h,
Cheb,12.363442,50.065861,C7EAFB,1,PM10 1h,10.0
Cheb,12.363442,50.065861,FFFFFF,-1,O3 1h,
Cheb,12.363442,50.065861,C7EAFB,-2,PM10 24h,23.8
Cheb,12.363442,50.065861,FFFFFF,-1,PM2_5 1h,
Cheb,12.363442,50.065861,C7EAFB,1,General,
Přebuz,12.615380,50.372478,C7EAFB,1,SO2 1h,1.3
Přebuz,12.615380,50.372478,C7EAFB,1,NO2 1h,3.8
Přebuz,12.615380,50.372478,FFFFFF,-1,CO 8h,
Přebuz,12.615380,50.372478,FFFFFF,-1,PM10 1h,
Přebuz,12.615380,50.372478,C7EAFB,-2,O3 1h,57.5
Přebuz,12.615380,50.372478,FFFFFF,-1,PM10 24h,
Přebuz,12.615380,50.372478,FFFFFF,-1,PM2_5 1h,
Přebuz,12.615380,50.372478,C7EAFB,-1,General,
Sokolov,12.672818,50.172825,C7EAFB,1,SO2 1h,1.3
Sokolov,12.672818,50.172825,C7EAFB,1,NO2 1h,15.5
Sokolov,12.672818,50.172825,FFFFFF,-1,CO 8h,
Sokolov,12.672818,50.172825,C7EAFB,1,PM10 1h,2.0
Sokolov,12.672818,50.172825,C7EAFB,-2,O3 1h,45.3
Sokolov,12.672818,50.172825,C7EAFB,-2,PM10 24h,13.8
Sokolov,12.672818,50.172825,C7EAFB,-2,PM2_5 1h,13.0
Sokolov,12.672818,50.172825,C7EAFB,1,General,
Chomutov,13.412696,50.467529,FFFFFF,-1,SO2 1h,
Chomutov,13.412696,50.467529,FFFFFF,-1,NO2 1h,
Chomutov,13.412696,50.467529,FFFFFF,-1,CO 8h,
Chomutov,13.412696,50.467529,C7EAFB,1,PM10 1h,13.0
Chomutov,13.412696,50.467529,FFFFFF,-1,O3 1h,
Chomutov,13.412696,50.467529,C7EAFB,-2,PM10 24h,32.8
Chomutov,13.412696,50.467529,FFFFFF,-1,PM2_5 1h,
Chomutov,13.412696,50.467529,C7EAFB,1,General,
Děčín,14.218794,50.774151,FFFFFF,-1,SO2 1h,
Děčín,14.218794,50.774151,C7EAFB,1,NO2 1h,19.5
Děčín,14.218794,50.774151,FFFFFF,-1,CO 8h,
Děčín,14.218794,50.774151,9BD3AE,2,PM10 1h,35.0
Děčín,14.218794,50.774151,FFFFFF,-1,O3 1h,
Děčín,14.218794,50.774151,C7EAFB,-2,PM10 24h,38.5
Děčín,14.218794,50.774151,C7EAFB,-2,PM2_5 1h,39.0
Děčín,14.218794,50.774151,9BD3AE,2,General,
Doksany,14.170162,50.458855,C7EAFB,1,SO2 1h,2.9
Doksany,14.170162,50.458855,C7EAFB,1,NO2 1h,9.0
Doksany,14.170162,50.458855,FFFFFF,-1,CO 8h,
Doksany,14.170162,50.458855,FFFFFF,-1,PM10 1h,
Doksany,14.170162,50.458855,C7EAFB,-2,O3 1h,41.7
Doksany,14.170162,50.458855,FFFFFF,-1,PM10 24h,
Doksany,14.170162,50.458855,FFFFFF,-1,PM2_5 1h,
Doksany,14.170162,50.458855,9BD3AE,-1,General,
Krupka,13.847692,50.696671,FFFFFF,0,SO2 1h,
Krupka,13.847692,50.696671,FFFFFF,-1,NO2 1h,
Krupka,13.847692,50.696671,FFFFFF,-1,CO 8h,
Krupka,13.847692,50.696671,9BD3AE,2,PM10 1h,28.0
Krupka,13.847692,50.696671,FFFFFF,-1,O3 1h,
Krupka,13.847692,50.696671,C7EAFB,-2,PM10 24h,27.3
Krupka,13.847692,50.696671,FFFFFF,-1,PM2_5 1h,
Krupka,13.847692,50.696671,9BD3AE,2,General,
Lom,13.673418,50.585766,C7EAFB,1,SO2 1h,1.3
Lom,13.673418,50.585766,C7EAFB,1,NO2 1h,6.9
Lom,13.673418,50.585766,FFFFFF,-1,CO 8h,
Lom,13.673418,50.585766,9BD3AE,2,PM10 1h,26.0
Lom,13.673418,50.585766,C7EAFB,-2,O3 1h,45.5
Lom,13.673418,50.585766,C7EAFB,-2,PM10 24h,28.6
Lom,13.673418,50.585766,C7EAFB,-2,PM2_5 1h,27.0
Lom,13.673418,50.585766,9BD3AE,2,General,
Litoměřice,14.119409,50.540897,C7EAFB,1,SO2 1h,1.3
Litoměřice,14.119409,50.540897,FFFFFF,-1,NO2 1h,
Litoměřice,14.119409,50.540897,FFFFFF,-1,CO 8h,
Litoměřice,14.119409,50.540897,9BD3AE,2,PM10 1h,33.0
Litoměřice,14.119409,50.540897,C7EAFB,-2,O3 1h,43.1
Litoměřice,14.119409,50.540897,C7EAFB,-2,PM10 24h,31.3
Litoměřice,14.119409,50.540897,FFFFFF,-1,PM2_5 1h,
Litoměřice,14.119409,50.540897,9BD3AE,2,General,
Měděnec,13.130143,50.427589,C7EAFB,1,SO2 1h,1.3
Měděnec,13.130143,50.427589,FFFFFF,-1,NO2 1h,
Měděnec,13.130143,50.427589,FFFFFF,-1,CO 8h,
Měděnec,13.130143,50.427589,9BD3AE,2,PM10 1h,32.0
Měděnec,13.130143,50.427589,FFFFFF,-1,O3 1h,
Měděnec,13.130143,50.427589,C7EAFB,-2,PM10 24h,14.6
Měděnec,13.130143,50.427589,FFFFFF,-1,PM2_5 1h,
Měděnec,13.130143,50.427589,9BD3AE,2,General,
Most,13.645272,50.510365,FFFFFF,-1,SO2 1h,
Most,13.645272,50.510365,C7EAFB,1,NO2 1h,13.4
Most,13.645272,50.510365,FFFFFF,-1,CO 8h,
Most,13.645272,50.510365,9BD3AE,2,PM10 1h,30.0
Most,13.645272,50.510365,C7EAFB,-2,O3 1h,45.5
Most,13.645272,50.510365,C7EAFB,-2,PM10 24h,41.4
Most,13.645272,50.510365,C7EAFB,-2,PM2_5 1h,21.0
Most,13.645272,50.510365,9BD3AE,2,General,
Rudolice v Horách,13.419506,50.579834,FFFFFF,-1,SO2 1h,
Rudolice v Horách,13.419506,50.579834,FFFFFF,-1,NO2 1h,
Rudolice v Horách,13.419506,50.579834,FFFFFF,-1,CO 8h,
Rudolice v Horách,13.419506,50.579834,9BD3AE,2,PM10 1h,40.0
Rudolice v Horách,13.419506,50.579834,C7EAFB,-2,O3 1h,59.3
Rudolice v Horách,13.419506,50.579834,C7EAFB,-2,PM10 24h,13.5
Rudolice v Horách,13.419506,50.579834,FFFFFF,-1,PM2_5 1h,
Rudolice v Horách,13.419506,50.579834,9BD3AE,2,General,
Sněžník,14.086799,50.789444,C7EAFB,1,SO2 1h,3.7
Sněžník,14.086799,50.789444,C7EAFB,1,NO2 1h,8.0
Sněžník,14.086799,50.789444,FFFFFF,-1,CO 8h,
Sněžník,14.086799,50.789444,FFFFFF,-1,PM10 1h,
Sněžník,14.086799,50.789444,C7EAFB,-2,O3 1h,42.5
Sněžník,14.086799,50.789444,FFFFFF,-1,PM10 24h,
Sněžník,14.086799,50.789444,FFFFFF,-1,PM2_5 1h,
Sněžník,14.086799,50.789444,9BD3AE,-1,General,
Teplice ,13.851250,50.645279,C7EAFB,1,SO2 1h,1.3
Teplice ,13.851250,50.645279,FFFFFF,-1,NO2 1h,
Teplice ,13.851250,50.645279,FFFFFF,-1,CO 8h,
Teplice ,13.851250,50.645279,FFF200,3,PM10 1h,45.0
Teplice ,13.851250,50.645279,C7EAFB,-2,O3 1h,53.7
Teplice ,13.851250,50.645279,C7EAFB,-2,PM10 24h,29.8
Teplice ,13.851250,50.645279,C7EAFB,-2,PM2_5 1h,17.0
Teplice ,13.851250,50.645279,FFF200,3,General,
Tušimice,13.327622,50.376587,C7EAFB,1,SO2 1h,3.7
Tušimice,13.327622,50.376587,C7EAFB,1,NO2 1h,10.7
Tušimice,13.327622,50.376587,FFFFFF,-1,CO 8h,
Tušimice,13.327622,50.376587,FFF200,3,PM10 1h,44.0
Tušimice,13.327622,50.376587,C7EAFB,-2,O3 1h,50.1
Tušimice,13.327622,50.376587,C7EAFB,-2,PM10 24h,34.8
Tušimice,13.327622,50.376587,C7EAFB,-2,PM2_5 1h,17.0
Tušimice,13.327622,50.376587,FFF200,3,General,
Ústí n.L.-Všebořická (hot spot),13.997873,50.683125,FFFFFF,-1,SO2 1h,
Ústí n.L.-Všebořická (hot spot),13.997873,50.683125,9BD3AE,2,NO2 1h,34.8
Ústí n.L.-Všebořická (hot spot),13.997873,50.683125,C7EAFB,1,CO 8h,349
Ústí n.L.-Všebořická (hot spot),13.997873,50.683125,9BD3AE,2,PM10 1h,33.0
Ústí n.L.-Všebořická (hot spot),13.997873,50.683125,FFFFFF,-1,O3 1h,
Ústí n.L.-Všebořická (hot spot),13.997873,50.683125,C7EAFB,-2,PM10 24h,27.2
Ústí n.L.-Všebořická (hot spot),13.997873,50.683125,C7EAFB,-2,PM2_5 1h,
Ústí n.L.-Všebořická (hot spot),13.997873,50.683125,9BD3AE,2,General,
Ústí n.L.-Kočkov,14.041195,50.683525,C7EAFB,1,SO2 1h,1.3
Ústí n.L.-Kočkov,14.041195,50.683525,C7EAFB,1,NO2 1h,5.0
Ústí n.L.-Kočkov,14.041195,50.683525,FFFFFF,-1,CO 8h,
Ústí n.L.-Kočkov,14.041195,50.683525,C7EAFB,1,PM10 1h,17.0
Ústí n.L.-Kočkov,14.041195,50.683525,C7EAFB,-2,O3 1h,47.3
Ústí n.L.-Kočkov,14.041195,50.683525,C7EAFB,-2,PM10 24h,32.0
Ústí n.L.-Kočkov,14.041195,50.683525,C7EAFB,-2,PM2_5 1h,14.0
Ústí n.L.-Kočkov,14.041195,50.683525,C7EAFB,1,General,
Ústí n.L.-město,14.043063,50.661095,C7EAFB,1,SO2 1h,1.3
Ústí n.L.-město,14.043063,50.661095,C7EAFB,1,NO2 1h,11.7
Ústí n.L.-město,14.043063,50.661095,FFFFFF,-1,CO 8h,
Ústí n.L.-město,14.043063,50.661095,C7EAFB,1,PM10 1h,13.0
Ústí n.L.-město,14.043063,50.661095,C7EAFB,-2,O3 1h,43.1
Ústí n.L.-město,14.043063,50.661095,C7EAFB,-2,PM10 24h,34.6
Ústí n.L.-město,14.043063,50.661095,FFFFFF,-1,PM2_5 1h,
Ústí n.L.-město,14.043063,50.661095,C7EAFB,1,General,
Česká Lípa,14.537345,50.698044,FFFFFF,-1,SO2 1h,
Česká Lípa,14.537345,50.698044,FFFFFF,-1,NO2 1h,
Česká Lípa,14.537345,50.698044,FFFFFF,-1,CO 8h,
Česká Lípa,14.537345,50.698044,9BD3AE,2,PM10 1h,39.0
Česká Lípa,14.537345,50.698044,FFFFFF,-1,O3 1h,
Česká Lípa,14.537345,50.698044,C7EAFB,-2,PM10 24h,36.2
Česká Lípa,14.537345,50.698044,FFFFFF,-1,PM2_5 1h,
Česká Lípa,14.537345,50.698044,9BD3AE,2,General,
Frýdlant,15.069817,50.940651,C7EAFB,1,SO2 1h,2.9
Frýdlant,15.069817,50.940651,FFFFFF,-1,NO2 1h,
Frýdlant,15.069817,50.940651,FFFFFF,-1,CO 8h,
Frýdlant,15.069817,50.940651,FFFFFF,-1,PM10 1h,
Frýdlant,15.069817,50.940651,C7EAFB,-2,O3 1h,46.1
Frýdlant,15.069817,50.940651,FFFFFF,-1,PM10 24h,
Frýdlant,15.069817,50.940651,FFFFFF,-1,PM2_5 1h,
Frýdlant,15.069817,50.940651,9BD3AE,-1,General,
Liberec Rochlice,15.069967,50.755100,C7EAFB,1,SO2 1h,1.3
Liberec Rochlice,15.069967,50.755100,C7EAFB,1,NO2 1h,6.9
Liberec Rochlice,15.069967,50.755100,FFFFFF,-1,CO 8h,
Liberec Rochlice,15.069967,50.755100,C7EAFB,1,PM10 1h,20.0
Liberec Rochlice,15.069967,50.755100,C7EAFB,-2,O3 1h,
Liberec Rochlice,15.069967,50.755100,C7EAFB,-2,PM10 24h,35.5
Liberec Rochlice,15.069967,50.755100,C7EAFB,-2,PM2_5 1h,12.0
Liberec Rochlice,15.069967,50.755100,C7EAFB,1,General,
Souš,15.319683,50.789646,FFFFFF,-1,SO2 1h,
Souš,15.319683,50.789646,FFFFFF,-1,NO2 1h,
Souš,15.319683,50.789646,FFFFFF,-1,CO 8h,
Souš,15.319683,50.789646,FFFFFF,-1,PM10 1h,
Souš,15.319683,50.789646,C7EAFB,-2,O3 1h,63.6
Souš,15.319683,50.789646,FFFFFF,-1,PM10 24h,
Souš,15.319683,50.789646,FFFFFF,-1,PM2_5 1h,
Souš,15.319683,50.789646,C7EAFB,-1,General,
Hradec Králové-Brněnská,15.846376,50.195362,FFFFFF,-1,SO2 1h,
Hradec Králové-Brněnská,15.846376,50.195362,C7EAFB,1,NO2 1h,15.3
Hradec Králové-Brněnská,15.846376,50.195362,C7EAFB,1,CO 8h,288
Hradec Králové-Brněnská,15.846376,50.195362,9BD3AE,2,PM10 1h,33.0
Hradec Králové-Brněnská,15.846376,50.195362,FFFFFF,-1,O3 1h,
Hradec Králové-Brněnská,15.846376,50.195362,C7EAFB,-2,PM10 24h,38.7
Hradec Králové-Brněnská,15.846376,50.195362,C7EAFB,-2,PM2_5 1h,33.0
Hradec Králové-Brněnská,15.846376,50.195362,9BD3AE,2,General,
Hradec Králové-observatoř,15.838390,50.177631,FFFFFF,-1,SO2 1h,
Hradec Králové-observatoř,15.838390,50.177631,FFFFFF,-1,NO2 1h,
Hradec Králové-observatoř,15.838390,50.177631,FFFFFF,-1,CO 8h,
Hradec Králové-observatoř,15.838390,50.177631,FFFFFF,-1,PM10 1h,
Hradec Králové-observatoř,15.838390,50.177631,C7EAFB,-2,O3 1h,55.5
Hradec Králové-observatoř,15.838390,50.177631,FFFFFF,-1,PM10 24h,
Hradec Králové-observatoř,15.838390,50.177631,FFFFFF,-1,PM2_5 1h,
Hradec Králové-observatoř,15.838390,50.177631,9BD3AE,-1,General,
Krkonoše-Rýchory,15.850090,50.660439,FFFFFF,-1,SO2 1h,
Krkonoše-Rýchory,15.850090,50.660439,FFFFFF,-1,NO2 1h,
Krkonoše-Rýchory,15.850090,50.660439,FFFFFF,-1,CO 8h,
Krkonoše-Rýchory,15.850090,50.660439,FFFFFF,-1,PM10 1h,
Krkonoše-Rýchory,15.850090,50.660439,C7EAFB,-2,O3 1h,58.3
Krkonoše-Rýchory,15.850090,50.660439,FFFFFF,-1,PM10 24h,
Krkonoše-Rýchory,15.850090,50.660439,FFFFFF,-1,PM2_5 1h,
Krkonoše-Rýchory,15.850090,50.660439,9BD3AE,-1,General,
Polom,16.322500,50.350277,FFFFFF,-1,SO2 1h,
Polom,16.322500,50.350277,C7EAFB,1,NO2 1h,3.3
Polom,16.322500,50.350277,FFFFFF,-1,CO 8h,
Polom,16.322500,50.350277,FFF200,3,PM10 1h,67.0
Polom,16.322500,50.350277,C7EAFB,-2,O3 1h,59.5
Polom,16.322500,50.350277,C7EAFB,-2,PM10 24h,23.1
Polom,16.322500,50.350277,FFFFFF,-1,PM2_5 1h,
Polom,16.322500,50.350277,FFF200,3,General,
Trutnov - Tkalcovská,15.903927,50.565880,FFFFFF,-1,SO2 1h,
Trutnov - Tkalcovská,15.903927,50.565880,FFFFFF,-1,NO2 1h,
Trutnov - Tkalcovská,15.903927,50.565880,FFFFFF,-1,CO 8h,
Trutnov - Tkalcovská,15.903927,50.565880,9BD3AE,2,PM10 1h,39.0
Trutnov - Tkalcovská,15.903927,50.565880,FFFFFF,-1,O3 1h,
Trutnov - Tkalcovská,15.903927,50.565880,C7EAFB,-2,PM10 24h,39.9
Trutnov - Tkalcovská,15.903927,50.565880,FFFFFF,-1,PM2_5 1h,
Trutnov - Tkalcovská,15.903927,50.565880,9BD3AE,2,General,
Moravská Třebová - Piaristická.,16.666721,49.758995,FFFFFF,-1,SO2 1h,
Moravská Třebová - Piaristická.,16.666721,49.758995,FFFFFF,0,NO2 1h,
Moravská Třebová - Piaristická.,16.666721,49.758995,FFFFFF,-1,CO 8h,
Moravská Třebová - Piaristická.,16.666721,49.758995,9BD3AE,2,PM10 1h,27.0
Moravská Třebová - Piaristická.,16.666721,49.758995,FFFFFF,-1,O3 1h,
Moravská Třebová - Piaristická.,16.666721,49.758995,C7EAFB,-2,PM10 24h,29.8
Moravská Třebová - Piaristická.,16.666721,49.758995,C7EAFB,-2,PM2_5 1h,22.0
Moravská Třebová - Piaristická.,16.666721,49.758995,FFFFFF,0,General,
Pardubice-Rosice,15.739414,50.042198,C7EAFB,1,SO2 1h,12.2
Pardubice-Rosice,15.739414,50.042198,C7EAFB,1,NO2 1h,12.4
Pardubice-Rosice,15.739414,50.042198,FFFFFF,-1,CO 8h,
Pardubice-Rosice,15.739414,50.042198,FFFFFF,-1,PM10 1h,
Pardubice-Rosice,15.739414,50.042198,FFFFFF,-1,O3 1h,
Pardubice-Rosice,15.739414,50.042198,FFFFFF,-1,PM10 24h,
Pardubice-Rosice,15.739414,50.042198,FFFFFF,-1,PM2_5 1h,
Pardubice-Rosice,15.739414,50.042198,FFFFFF,-1,General,
Pardubice Dukla,15.763549,50.024036,C7EAFB,1,SO2 1h,1.3
Pardubice Dukla,15.763549,50.024036,FFFFFF,-1,NO2 1h,
Pardubice Dukla,15.763549,50.024036,FFFFFF,-1,CO 8h,
Pardubice Dukla,15.763549,50.024036,9BD3AE,2,PM10 1h,25.0
Pardubice Dukla,15.763549,50.024036,C7EAFB,-2,O3 1h,49.3
Pardubice Dukla,15.763549,50.024036,C7EAFB,-2,PM10 24h,33.5
Pardubice Dukla,15.763549,50.024036,C7EAFB,-2,PM2_5 1h,31.0
Pardubice Dukla,15.763549,50.024036,9BD3AE,2,General,
Svratouch,16.034197,49.735085,FFFFFF,-1,SO2 1h,
Svratouch,16.034197,49.735085,FFFFFF,-1,NO2 1h,
Svratouch,16.034197,49.735085,FFFFFF,-1,CO 8h,
Svratouch,16.034197,49.735085,FFFFFF,-1,PM10 1h,
Svratouch,16.034197,49.735085,C7EAFB,-2,O3 1h,46.1
Svratouch,16.034197,49.735085,FFFFFF,-1,PM10 24h,
Svratouch,16.034197,49.735085,FFFFFF,-1,PM2_5 1h,
Svratouch,16.034197,49.735085,9BD3AE,-1,General,
Havl.Brod-Smetan.nám.,15.579167,49.605556,FFFFFF,-1,SO2 1h,
Havl.Brod-Smetan.nám.,15.579167,49.605556,FFFFFF,-1,NO2 1h,
Havl.Brod-Smetan.nám.,15.579167,49.605556,FFFFFF,-1,CO 8h,
Havl.Brod-Smetan.nám.,15.579167,49.605556,9BD3AE,2,PM10 1h,31.0
Havl.Brod-Smetan.nám.,15.579167,49.605556,FFFFFF,-1,O3 1h,
Havl.Brod-Smetan.nám.,15.579167,49.605556,C7EAFB,-2,PM10 24h,33.1
Havl.Brod-Smetan.nám.,15.579167,49.605556,C7EAFB,-2,PM2_5 1h,30.0
Havl.Brod-Smetan.nám.,15.579167,49.605556,9BD3AE,2,General,
Jihlava,15.610246,49.401596,C7EAFB,1,SO2 1h,3.2
Jihlava,15.610246,49.401596,C7EAFB,1,NO2 1h,8.0
Jihlava,15.610246,49.401596,C7EAFB,1,CO 8h,253
Jihlava,15.610246,49.401596,C7EAFB,1,PM10 1h,20.0
Jihlava,15.610246,49.401596,C7EAFB,-2,O3 1h,41.7
Jihlava,15.610246,49.401596,C7EAFB,-2,PM10 24h,29.1
Jihlava,15.610246,49.401596,C7EAFB,-2,PM2_5 1h,1.0
Jihlava,15.610246,49.401596,C7EAFB,1,General,
Jihlava-Znojemská,15.592500,49.393333,FFFFFF,-1,SO2 1h,
Jihlava-Znojemská,15.592500,49.393333,9BD3AE,2,NO2 1h,32.5
Jihlava-Znojemská,15.592500,49.393333,FFFFFF,-1,CO 8h,
Jihlava-Znojemská,15.592500,49.393333,9BD3AE,2,PM10 1h,33.0
Jihlava-Znojemská,15.592500,49.393333,FFFFFF,-1,O3 1h,
Jihlava-Znojemská,15.592500,49.393333,C7EAFB,-2,PM10 24h,28.8
Jihlava-Znojemská,15.592500,49.393333,C7EAFB,-2,PM2_5 1h,28.0
Jihlava-Znojemská,15.592500,49.393333,9BD3AE,2,General,
Kostelní Myslová,15.439048,49.159153,FFFFFF,-1,SO2 1h,
Kostelní Myslová,15.439048,49.159153,FFFFFF,-1,NO2 1h,
Kostelní Myslová,15.439048,49.159153,FFFFFF,-1,CO 8h,
Kostelní Myslová,15.439048,49.159153,FFFFFF,-1,PM10 1h,
Kostelní Myslová,15.439048,49.159153,C7EAFB,-2,O3 1h,
Kostelní Myslová,15.439048,49.159153,FFFFFF,-1,PM10 24h,
Kostelní Myslová,15.439048,49.159153,FFFFFF,-1,PM2_5 1h,
Kostelní Myslová,15.439048,49.159153,9BD3AE,-1,General,
Košetice,15.080278,49.573395,C7EAFB,1,SO2 1h,2.4
Košetice,15.080278,49.573395,C7EAFB,1,NO2 1h,7.3
Košetice,15.080278,49.573395,C7EAFB,1,CO 8h,188
Košetice,15.080278,49.573395,C7EAFB,1,PM10 1h,14.0
Košetice,15.080278,49.573395,C7EAFB,-2,O3 1h,44.3
Košetice,15.080278,49.573395,C7EAFB,-2,PM10 24h,38.8
Košetice,15.080278,49.573395,C7EAFB,-2,PM2_5 1h,20.0
Košetice,15.080278,49.573395,C7EAFB,1,General,
Třebíč,15.865778,49.223438,FFFFFF,-1,SO2 1h,
Třebíč,15.865778,49.223438,FFFFFF,-1,NO2 1h,
Třebíč,15.865778,49.223438,FFFFFF,-1,CO 8h,
Třebíč,15.865778,49.223438,FFF200,3,PM10 1h,41.0
Třebíč,15.865778,49.223438,FFFFFF,-1,O3 1h,
Třebíč,15.865778,49.223438,C7EAFB,-2,PM10 24h,36.5
Třebíč,15.865778,49.223438,FFFFFF,-1,PM2_5 1h,
Třebíč,15.865778,49.223438,FFF200,3,General,
Ždár nad Sázavou,15.943056,49.559723,FFFFFF,-1,SO2 1h,
Ždár nad Sázavou,15.943056,49.559723,FFFFFF,-1,NO2 1h,
Ždár nad Sázavou,15.943056,49.559723,FFFFFF,-1,CO 8h,
Ždár nad Sázavou,15.943056,49.559723,FFFFFF,0,PM10 1h,
Ždár nad Sázavou,15.943056,49.559723,FFFFFF,-1,O3 1h,
Ždár nad Sázavou,15.943056,49.559723,C7EAFB,-2,PM10 24h,
Ždár nad Sázavou,15.943056,49.559723,C7EAFB,-2,PM2_5 1h,
Ždár nad Sázavou,15.943056,49.559723,FFFFFF,0,General,
Brno - Dětská nemocnice,16.616287,49.202724,FFFFFF,-1,SO2 1h,
Brno - Dětská nemocnice,16.616287,49.202724,C7EAFB,1,NO2 1h,17.4
Brno - Dětská nemocnice,16.616287,49.202724,FFFFFF,-1,CO 8h,
Brno - Dětská nemocnice,16.616287,49.202724,FFF200,3,PM10 1h,47.0
Brno - Dětská nemocnice,16.616287,49.202724,C7EAFB,-2,O3 1h,33.3
Brno - Dětská nemocnice,16.616287,49.202724,C7EAFB,-2,PM10 24h,35.5
Brno - Dětská nemocnice,16.616287,49.202724,C7EAFB,-2,PM2_5 1h,26.0
Brno - Dětská nemocnice,16.616287,49.202724,FFF200,3,General,
Brno-Arboretum,16.613836,49.216087,FFFFFF,-1,SO2 1h,
Brno-Arboretum,16.613836,49.216087,C7EAFB,1,NO2 1h,15.1
Brno-Arboretum,16.613836,49.216087,FFFFFF,-1,CO 8h,
Brno-Arboretum,16.613836,49.216087,9BD3AE,2,PM10 1h,23.0
Brno-Arboretum,16.613836,49.216087,FFFFFF,-1,O3 1h,
Brno-Arboretum,16.613836,49.216087,C7EAFB,-2,PM10 24h,29.6
Brno-Arboretum,16.613836,49.216087,FFFFFF,-1,PM2_5 1h,
Brno-Arboretum,16.613836,49.216087,9BD3AE,2,General,
Brno-Lány,16.580812,49.165260,C7EAFB,1,SO2 1h,1.3
Brno-Lány,16.580812,49.165260,C7EAFB,1,NO2 1h,11.5
Brno-Lány,16.580812,49.165260,C7EAFB,1,CO 8h,364
Brno-Lány,16.580812,49.165260,9BD3AE,2,PM10 1h,26.6
Brno-Lány,16.580812,49.165260,C7EAFB,-2,O3 1h,33.7
Brno-Lány,16.580812,49.165260,C7EAFB,-2,PM10 24h,32.6
Brno-Lány,16.580812,49.165260,C7EAFB,-2,PM2_5 1h,25.3
Brno-Lány,16.580812,49.165260,9BD3AE,2,General,
Brno-Svatoplukova,16.642517,49.208160,FFFFFF,-1,SO2 1h,
Brno-Svatoplukova,16.642517,49.208160,9BD3AE,2,NO2 1h,27.9
Brno-Svatoplukova,16.642517,49.208160,FFFFFF,-1,CO 8h,
Brno-Svatoplukova,16.642517,49.208160,9BD3AE,2,PM10 1h,28.1
Brno-Svatoplukova,16.642517,49.208160,FFFFFF,-1,O3 1h,
Brno-Svatoplukova,16.642517,49.208160,C7EAFB,-2,PM10 24h,38.5
Brno-Svatoplukova,16.642517,49.208160,C7EAFB,-2,PM2_5 1h,24.4
Brno-Svatoplukova,16.642517,49.208160,9BD3AE,2,General,
Brno-Výstaviště,16.569538,49.189621,FFFFFF,-1,SO2 1h,
Brno-Výstaviště,16.569538,49.189621,C7EAFB,1,NO2 1h,22.0
Brno-Výstaviště,16.569538,49.189621,FFFFFF,-1,CO 8h,
Brno-Výstaviště,16.569538,49.189621,9BD3AE,2,PM10 1h,26.2
Brno-Výstaviště,16.569538,49.189621,FFFFFF,-1,O3 1h,
Brno-Výstaviště,16.569538,49.189621,C7EAFB,-2,PM10 24h,29.8
Brno-Výstaviště,16.569538,49.189621,FFFFFF,-1,PM2_5 1h,
Brno-Výstaviště,16.569538,49.189621,9BD3AE,2,General,
Brno-Zvonařka,16.613661,49.185883,FFFFFF,-1,SO2 1h,
Brno-Zvonařka,16.613661,49.185883,9BD3AE,2,NO2 1h,31.4
Brno-Zvonařka,16.613661,49.185883,C7EAFB,1,CO 8h,466
Brno-Zvonařka,16.613661,49.185883,9BD3AE,2,PM10 1h,33.5
Brno-Zvonařka,16.613661,49.185883,C7EAFB,-2,O3 1h,35.9
Brno-Zvonařka,16.613661,49.185883,C7EAFB,-2,PM10 24h,38.5
Brno-Zvonařka,16.613661,49.185883,C7EAFB,-2,PM2_5 1h,24.0
Brno-Zvonařka,16.613661,49.185883,9BD3AE,2,General,
Brno-Masná,16.626944,49.188889,FFFFFF,-1,SO2 1h,
Brno-Masná,16.626944,49.188889,C7EAFB,1,NO2 1h,11.3
Brno-Masná,16.626944,49.188889,FFFFFF,-1,CO 8h,
Brno-Masná,16.626944,49.188889,C7EAFB,1,PM10 1h,19.0
Brno-Masná,16.626944,49.188889,FFFFFF,-1,O3 1h,
Brno-Masná,16.626944,49.188889,C7EAFB,-2,PM10 24h,27.6
Brno-Masná,16.626944,49.188889,C7EAFB,-2,PM2_5 1h,19.0
Brno-Masná,16.626944,49.188889,C7EAFB,1,General,
Brno-Líšeň,16.678024,49.213211,FFFFFF,-1,SO2 1h,
Brno-Líšeň,16.678024,49.213211,FFFFFF,-1,NO2 1h,
Brno-Líšeň,16.678024,49.213211,FFFFFF,-1,CO 8h,
Brno-Líšeň,16.678024,49.213211,C7EAFB,1,PM10 1h,11.0
Brno-Líšeň,16.678024,49.213211,FFFFFF,-1,O3 1h,
Brno-Líšeň,16.678024,49.213211,C7EAFB,-2,PM10 24h,24.6
Brno-Líšeň,16.678024,49.213211,C7EAFB,-2,PM2_5 1h,34.0
Brno-Líšeň,16.678024,49.213211,C7EAFB,1,General,
Brno-Úvoz (hot spot),16.593643,49.198090,FFFFFF,-1,SO2 1h,
Brno-Úvoz (hot spot),16.593643,49.198090,9BD3AE,2,NO2 1h,32.7
Brno-Úvoz (hot spot),16.593643,49.198090,C7EAFB,1,CO 8h,517
Brno-Úvoz (hot spot),16.593643,49.198090,9BD3AE,2,PM10 1h,29.0
Brno-Úvoz (hot spot),16.593643,49.198090,FFFFFF,-1,O3 1h,
Brno-Úvoz (hot spot),16.593643,49.198090,C7EAFB,-2,PM10 24h,33.3
Brno-Úvoz (hot spot),16.593643,49.198090,C7EAFB,-2,PM2_5 1h,22.0
Brno-Úvoz (hot spot),16.593643,49.198090,9BD3AE,2,General,
Brno-Tuřany,16.696217,49.148972,C7EAFB,1,SO2 1h,1.3
Brno-Tuřany,16.696217,49.148972,C7EAFB,1,NO2 1h,7.3
Brno-Tuřany,16.696217,49.148972,FFFFFF,-1,CO 8h,
Brno-Tuřany,16.696217,49.148972,C7EAFB,1,PM10 1h,17.0
Brno-Tuřany,16.696217,49.148972,C7EAFB,-2,O3 1h,42.1
Brno-Tuřany,16.696217,49.148972,C7EAFB,-2,PM10 24h,32.4
Brno-Tuřany,16.696217,49.148972,C7EAFB,-2,PM2_5 1h,45.0
Brno-Tuřany,16.696217,49.148972,C7EAFB,1,General,
Hodonín,17.133333,48.857224,FFFFFF,-1,SO2 1h,
Hodonín,17.133333,48.857224,FFFFFF,-1,NO2 1h,
Hodonín,17.133333,48.857224,FFFFFF,-1,CO 8h,
Hodonín,17.133333,48.857224,9BD3AE,2,PM10 1h,33.0
Hodonín,17.133333,48.857224,FFFFFF,-1,O3 1h,
Hodonín,17.133333,48.857224,C7EAFB,-2,PM10 24h,38.8
Hodonín,17.133333,48.857224,C7EAFB,-2,PM2_5 1h,31.0
Hodonín,17.133333,48.857224,9BD3AE,2,General,
Kuchařovice,16.085817,48.881355,FFFFFF,-1,SO2 1h,
Kuchařovice,16.085817,48.881355,FFFFFF,-1,NO2 1h,
Kuchařovice,16.085817,48.881355,FFFFFF,-1,CO 8h,
Kuchařovice,16.085817,48.881355,FFFFFF,0,PM10 1h,
Kuchařovice,16.085817,48.881355,C7EAFB,-2,O3 1h,
Kuchařovice,16.085817,48.881355,C7EAFB,-2,PM10 24h,
Kuchařovice,16.085817,48.881355,C7EAFB,-2,PM2_5 1h,
Kuchařovice,16.085817,48.881355,FFFFFF,0,General,
Mikulov-Sedlec,16.724497,48.791767,C7EAFB,1,SO2 1h,9.1
Mikulov-Sedlec,16.724497,48.791767,C7EAFB,1,NO2 1h,10.3
Mikulov-Sedlec,16.724497,48.791767,FFFFFF,-1,CO 8h,
Mikulov-Sedlec,16.724497,48.791767,FFF200,3,PM10 1h,51.0
Mikulov-Sedlec,16.724497,48.791767,C7EAFB,-2,O3 1h,29.5
Mikulov-Sedlec,16.724497,48.791767,C7EAFB,-2,PM10 24h,35.8
Mikulov-Sedlec,16.724497,48.791767,C7EAFB,-2,PM2_5 1h,21.0
Mikulov-Sedlec,16.724497,48.791767,FFF200,3,General,
Sivice,16.778324,49.208424,C7EAFB,1,SO2 1h,3.5
Sivice,16.778324,49.208424,C7EAFB,1,NO2 1h,11.5
Sivice,16.778324,49.208424,FFFFFF,-1,CO 8h,
Sivice,16.778324,49.208424,9BD3AE,2,PM10 1h,23.0
Sivice,16.778324,49.208424,FFFFFF,-1,O3 1h,
Sivice,16.778324,49.208424,C7EAFB,-2,PM10 24h,27.1
Sivice,16.778324,49.208424,C7EAFB,-2,PM2_5 1h,22.0
Sivice,16.778324,49.208424,9BD3AE,2,General,
Mokrá,16.754560,49.216694,FFFFFF,-1,SO2 1h,
Mokrá,16.754560,49.216694,FFFFFF,-1,NO2 1h,
Mokrá,16.754560,49.216694,FFFFFF,-1,CO 8h,
Mokrá,16.754560,49.216694,9BD3AE,2,PM10 1h,22.0
Mokrá,16.754560,49.216694,FFFFFF,-1,O3 1h,
Mokrá,16.754560,49.216694,C7EAFB,-2,PM10 24h,27.6
Mokrá,16.754560,49.216694,C7EAFB,-2,PM2_5 1h,22.0
Mokrá,16.754560,49.216694,9BD3AE,2,General,
Znojmo,16.060127,48.842957,FFFFFF,-1,SO2 1h,
Znojmo,16.060127,48.842957,C7EAFB,1,NO2 1h,13.4
Znojmo,16.060127,48.842957,FFFFFF,-1,CO 8h,
Znojmo,16.060127,48.842957,9BD3AE,2,PM10 1h,26.0
Znojmo,16.060127,48.842957,FFFFFF,-1,O3 1h,
Znojmo,16.060127,48.842957,C7EAFB,-2,PM10 24h,35.6
Znojmo,16.060127,48.842957,C7EAFB,-2,PM2_5 1h,15.0
Znojmo,16.060127,48.842957,9BD3AE,2,General,
Bělotín,17.804220,49.587082,FFFFFF,-1,SO2 1h,
Bělotín,17.804220,49.587082,FFFFFF,-1,NO2 1h,
Bělotín,17.804220,49.587082,FFFFFF,-1,CO 8h,
Bělotín,17.804220,49.587082,FFF200,3,PM10 1h,45.0
Bělotín,17.804220,49.587082,FFFFFF,-1,O3 1h,
Bělotín,17.804220,49.587082,C7EAFB,-2,PM10 24h,39.5
Bělotín,17.804220,49.587082,C7EAFB,-2,PM2_5 1h,18.0
Bělotín,17.804220,49.587082,FFF200,3,General,
Jeseník-lázně,17.190180,50.242241,C7EAFB,1,SO2 1h,1.3
Jeseník-lázně,17.190180,50.242241,C7EAFB,1,NO2 1h,6.9
Jeseník-lázně,17.190180,50.242241,FFFFFF,-1,CO 8h,
Jeseník-lázně,17.190180,50.242241,9BD3AE,2,PM10 1h,39.0
Jeseník-lázně,17.190180,50.242241,C7EAFB,-2,O3 1h,38.3
Jeseník-lázně,17.190180,50.242241,C7EAFB,-2,PM10 24h,30.5
Jeseník-lázně,17.190180,50.242241,FFFFFF,-1,PM2_5 1h,
Jeseník-lázně,17.190180,50.242241,9BD3AE,2,General,
Olomouc-Hejčín,17.238073,49.601463,FFFFFF,-1,SO2 1h,
Olomouc-Hejčín,17.238073,49.601463,C7EAFB,1,NO2 1h,12.8
Olomouc-Hejčín,17.238073,49.601463,FFFFFF,-1,CO 8h,
Olomouc-Hejčín,17.238073,49.601463,9BD3AE,2,PM10 1h,33.0
Olomouc-Hejčín,17.238073,49.601463,FFFFFF,-1,O3 1h,
Olomouc-Hejčín,17.238073,49.601463,C7EAFB,-2,PM10 24h,34.5
Olomouc-Hejčín,17.238073,49.601463,C7EAFB,-2,PM2_5 1h,25.0
Olomouc-Hejčín,17.238073,49.601463,9BD3AE,2,General,
Olomouc-Šmeralova,17.266094,49.592865,FFFFFF,-1,SO2 1h,
Olomouc-Šmeralova,17.266094,49.592865,FFFFFF,-1,NO2 1h,
Olomouc-Šmeralova,17.266094,49.592865,FFFFFF,-1,CO 8h,
Olomouc-Šmeralova,17.266094,49.592865,9BD3AE,2,PM10 1h,22.0
Olomouc-Šmeralova,17.266094,49.592865,FFFFFF,-1,O3 1h,
Olomouc-Šmeralova,17.266094,49.592865,C7EAFB,-2,PM10 24h,28.9
Olomouc-Šmeralova,17.266094,49.592865,C7EAFB,-2,PM2_5 1h,20.0
Olomouc-Šmeralova,17.266094,49.592865,9BD3AE,2,General,
Přerov,17.454159,49.451656,FFFFFF,0,SO2 1h,
Přerov,17.454159,49.451656,FFFFFF,-1,NO2 1h,
Přerov,17.454159,49.451656,FFFFFF,-1,CO 8h,
Přerov,17.454159,49.451656,FFFFFF,0,PM10 1h,
Přerov,17.454159,49.451656,C7EAFB,-2,O3 1h,
Přerov,17.454159,49.451656,C7EAFB,-2,PM10 24h,
Přerov,17.454159,49.451656,C7EAFB,-2,PM2_5 1h,
Přerov,17.454159,49.451656,FFFFFF,0,General,
Prostějov,17.114725,49.467857,FFFFFF,-1,SO2 1h,
Prostějov,17.114725,49.467857,FFFFFF,-1,NO2 1h,
Prostějov,17.114725,49.467857,FFFFFF,-1,CO 8h,
Prostějov,17.114725,49.467857,C7EAFB,1,PM10 1h,6.0
Prostějov,17.114725,49.467857,FFFFFF,-1,O3 1h,
Prostějov,17.114725,49.467857,C7EAFB,-2,PM10 24h,39.5
Prostějov,17.114725,49.467857,FFFFFF,-1,PM2_5 1h,
Prostějov,17.114725,49.467857,C7EAFB,1,General,
Otrokovice-město,17.534742,49.208912,FFFFFF,-1,SO2 1h,
Otrokovice-město,17.534742,49.208912,C7EAFB,1,NO2 1h,20.5
Otrokovice-město,17.534742,49.208912,C7EAFB,1,CO 8h,641
Otrokovice-město,17.534742,49.208912,9BD3AE,2,PM10 1h,28.9
Otrokovice-město,17.534742,49.208912,FFFFFF,-1,O3 1h,
Otrokovice-město,17.534742,49.208912,C7EAFB,-2,PM10 24h,41.5
Otrokovice-město,17.534742,49.208912,FFFFFF,-1,PM2_5 1h,
Otrokovice-město,17.534742,49.208912,9BD3AE,2,General,
Štítná n.Vláří,18.007828,49.047817,FFFFFF,-1,SO2 1h,
Štítná n.Vláří,18.007828,49.047817,FFFFFF,-1,NO2 1h,
Štítná n.Vláří,18.007828,49.047817,FFFFFF,-1,CO 8h,
Štítná n.Vláří,18.007828,49.047817,FFFFFF,-1,PM10 1h,
Štítná n.Vláří,18.007828,49.047817,C7EAFB,-2,O3 1h,18.0
Štítná n.Vláří,18.007828,49.047817,FFFFFF,-1,PM10 24h,
Štítná n.Vláří,18.007828,49.047817,FFFFFF,-1,PM2_5 1h,
Štítná n.Vláří,18.007828,49.047817,9BD3AE,-1,General,
Těšnovice,17.410561,49.259392,C7EAFB,1,SO2 1h,1.3
Těšnovice,17.410561,49.259392,C7EAFB,1,NO2 1h,14.0
Těšnovice,17.410561,49.259392,FFFFFF,-1,CO 8h,
Těšnovice,17.410561,49.259392,9BD3AE,2,PM10 1h,29.0
Těšnovice,17.410561,49.259392,C7EAFB,-2,O3 1h,24.1
Těšnovice,17.410561,49.259392,C7EAFB,-2,PM10 24h,39.7
Těšnovice,17.410561,49.259392,C7EAFB,-2,PM2_5 1h,53.0
Těšnovice,17.410561,49.259392,9BD3AE,2,General,
Uherské Hradiště,17.466848,49.067951,FFFFFF,-1,SO2 1h,
Uherské Hradiště,17.466848,49.067951,9BD3AE,2,NO2 1h,28.7
Uherské Hradiště,17.466848,49.067951,C7EAFB,1,CO 8h,463
Uherské Hradiště,17.466848,49.067951,9BD3AE,2,PM10 1h,28.5
Uherské Hradiště,17.466848,49.067951,FFFFFF,-1,O3 1h,
Uherské Hradiště,17.466848,49.067951,C7EAFB,-2,PM10 24h,52.7
Uherské Hradiště,17.466848,49.067951,FFFFFF,-1,PM2_5 1h,
Uherské Hradiště,17.466848,49.067951,9BD3AE,2,General,
Valašské Meziříčí,17.966976,49.472057,FFFFFF,-1,SO2 1h,
Valašské Meziříčí,17.966976,49.472057,FFFFFF,-1,NO2 1h,
Valašské Meziříčí,17.966976,49.472057,FFFFFF,-1,CO 8h,
Valašské Meziříčí,17.966976,49.472057,FFF200,3,PM10 1h,45.0
Valašské Meziříčí,17.966976,49.472057,FFFFFF,-1,O3 1h,
Valašské Meziříčí,17.966976,49.472057,C7EAFB,-2,PM10 24h,49.0
Valašské Meziříčí,17.966976,49.472057,C7EAFB,-2,PM2_5 1h,59.0
Valašské Meziříčí,17.966976,49.472057,FFF200,3,General,
Zlín,17.667175,49.232906,C7EAFB,1,SO2 1h,12.5
Zlín,17.667175,49.232906,C7EAFB,1,NO2 1h,23.0
Zlín,17.667175,49.232906,FFFFFF,-1,CO 8h,
Zlín,17.667175,49.232906,FFF200,3,PM10 1h,49.0
Zlín,17.667175,49.232906,C7EAFB,-2,O3 1h,15.2
Zlín,17.667175,49.232906,C7EAFB,-2,PM10 24h,45.1
Zlín,17.667175,49.232906,C7EAFB,-2,PM2_5 1h,35.0
Zlín,17.667175,49.232906,FFF200,3,General,
Bílovec,18.023638,49.759598,C7EAFB,1,SO2 1h,5.6
Bílovec,18.023638,49.759598,C7EAFB,1,NO2 1h,12.2
Bílovec,18.023638,49.759598,C7EAFB,1,CO 8h,418
Bílovec,18.023638,49.759598,C7EAFB,1,PM10 1h,17.0
Bílovec,18.023638,49.759598,C7EAFB,-2,O3 1h,34.3
Bílovec,18.023638,49.759598,C7EAFB,-2,PM10 24h,25.0
Bílovec,18.023638,49.759598,FFFFFF,-1,PM2_5 1h,
Bílovec,18.023638,49.759598,C7EAFB,1,General,
Bílý Kříž,18.538561,49.502609,C7EAFB,1,SO2 1h,6.9
Bílý Kříž,18.538561,49.502609,C7EAFB,1,NO2 1h,12.6
Bílý Kříž,18.538561,49.502609,FFFFFF,-1,CO 8h,
Bílý Kříž,18.538561,49.502609,FFFFFF,-1,PM10 1h,
Bílý Kříž,18.538561,49.502609,C7EAFB,-2,O3 1h,15.4
Bílý Kříž,18.538561,49.502609,FFFFFF,-1,PM10 24h,
Bílý Kříž,18.538561,49.502609,FFFFFF,-1,PM2_5 1h,
Bílý Kříž,18.538561,49.502609,C7EAFB,-1,General,
Bohumín,18.375931,49.903965,FFF200,3,SO2 1h,84.9
Bohumín,18.375931,49.903965,9BD3AE,2,NO2 1h,25.8
Bohumín,18.375931,49.903965,C7EAFB,1,CO 8h,404
Bohumín,18.375931,49.903965,9BD3AE,2,PM10 1h,40.0
Bohumín,18.375931,49.903965,C7EAFB,-2,O3 1h,18.4
Bohumín,18.375931,49.903965,C7EAFB,-2,PM10 24h,51.5
Bohumín,18.375931,49.903965,FFFFFF,-1,PM2_5 1h,
Bohumín,18.375931,49.903965,FFF200,3,General,
Červená hora,17.541946,49.777142,FFFFFF,-1,SO2 1h,
Červená hora,17.541946,49.777142,C7EAFB,1,NO2 1h,9.4
Červená hora,17.541946,49.777142,FFFFFF,-1,CO 8h,
Červená hora,17.541946,49.777142,FFFFFF,-1,PM10 1h,
Červená hora,17.541946,49.777142,C7EAFB,-2,O3 1h,32.5
Červená hora,17.541946,49.777142,FFFFFF,-1,PM10 24h,
Červená hora,17.541946,49.777142,FFFFFF,-1,PM2_5 1h,
Červená hora,17.541946,49.777142,FFF200,-1,General,
Český Těšín,18.609726,49.748959,C7EAFB,1,SO2 1h,8.3
Český Těšín,18.609726,49.748959,C7EAFB,1,NO2 1h,20.1
Český Těšín,18.609726,49.748959,FFFFFF,-1,CO 8h,
Český Těšín,18.609726,49.748959,9BD3AE,2,PM10 1h,31.0
Český Těšín,18.609726,49.748959,FFFFFF,-1,O3 1h,
Český Těšín,18.609726,49.748959,C7EAFB,-2,PM10 24h,61.9
Český Těšín,18.609726,49.748959,C7EAFB,-2,PM2_5 1h,36.0
Český Těšín,18.609726,49.748959,9BD3AE,2,General,
Frýdek-Místek,18.351070,49.671791,FFFFFF,-1,SO2 1h,
Frýdek-Místek,18.351070,49.671791,C7EAFB,1,NO2 1h,21.4
Frýdek-Místek,18.351070,49.671791,FFFFFF,-1,CO 8h,
Frýdek-Místek,18.351070,49.671791,FFF200,3,PM10 1h,44.0
Frýdek-Místek,18.351070,49.671791,FFFFFF,-1,O3 1h,
Frýdek-Místek,18.351070,49.671791,C7EAFB,-2,PM10 24h,52.7
Frýdek-Místek,18.351070,49.671791,C7EAFB,-2,PM2_5 1h,50.0
Frýdek-Místek,18.351070,49.671791,FFF200,3,General,
Havířov,18.406836,49.790977,FFFFFF,-1,SO2 1h,
Havířov,18.406836,49.790977,FFFFFF,-1,NO2 1h,
Havířov,18.406836,49.790977,FFFFFF,-1,CO 8h,
Havířov,18.406836,49.790977,9BD3AE,2,PM10 1h,34.0
Havířov,18.406836,49.790977,FFFFFF,-1,O3 1h,
Havířov,18.406836,49.790977,C7EAFB,-2,PM10 24h,62.0
Havířov,18.406836,49.790977,C7EAFB,-2,PM2_5 1h,24.0
Havířov,18.406836,49.790977,9BD3AE,2,General,
Karviná-ZÚ,18.557777,49.858891,FFFFFF,-1,SO2 1h,
Karviná-ZÚ,18.557777,49.858891,C7EAFB,1,NO2 1h,24.9
Karviná-ZÚ,18.557777,49.858891,FFFFFF,-1,CO 8h,
Karviná-ZÚ,18.557777,49.858891,9BD3AE,2,PM10 1h,37.0
Karviná-ZÚ,18.557777,49.858891,FFFFFF,-1,O3 1h,
Karviná-ZÚ,18.557777,49.858891,C7EAFB,-2,PM10 24h,55.0
Karviná-ZÚ,18.557777,49.858891,C7EAFB,-2,PM2_5 1h,32.0
Karviná-ZÚ,18.557777,49.858891,9BD3AE,2,General,
Karviná,18.551453,49.863796,C7EAFB,1,SO2 1h,9.6
Karviná,18.551453,49.863796,C7EAFB,1,NO2 1h,20.5
Karviná,18.551453,49.863796,FFFFFF,-1,CO 8h,
Karviná,18.551453,49.863796,FFF200,3,PM10 1h,55.0
Karviná,18.551453,49.863796,C7EAFB,-2,O3 1h,18.4
Karviná,18.551453,49.863796,C7EAFB,-2,PM10 24h,62.0
Karviná,18.551453,49.863796,C7EAFB,-2,PM2_5 1h,34.0
Karviná,18.551453,49.863796,FFF200,3,General,
Ostrava-Českobratrská (hot spot),18.289976,49.839848,FFFFFF,-1,SO2 1h,
Ostrava-Českobratrská (hot spot),18.289976,49.839848,9BD3AE,2,NO2 1h,40.9
Ostrava-Českobratrská (hot spot),18.289976,49.839848,C7EAFB,1,CO 8h,536
Ostrava-Českobratrská (hot spot),18.289976,49.839848,FFF200,3,PM10 1h,63.0
Ostrava-Českobratrská (hot spot),18.289976,49.839848,FFFFFF,-1,O3 1h,
Ostrava-Českobratrská (hot spot),18.289976,49.839848,C7EAFB,-2,PM10 24h,61.7
Ostrava-Českobratrská (hot spot),18.289976,49.839848,C7EAFB,-2,PM2_5 1h,42.0
Ostrava-Českobratrská (hot spot),18.289976,49.839848,FFF200,3,General,
Ostrava-Fifejdy,18.263689,49.839188,C7EAFB,1,SO2 1h,11.5
Ostrava-Fifejdy,18.263689,49.839188,C7EAFB,1,NO2 1h,23.3
Ostrava-Fifejdy,18.263689,49.839188,FFFFFF,-1,CO 8h,
Ostrava-Fifejdy,18.263689,49.839188,9BD3AE,2,PM10 1h,28.0
Ostrava-Fifejdy,18.263689,49.839188,C7EAFB,-2,O3 1h,18.4
Ostrava-Fifejdy,18.263689,49.839188,C7EAFB,-2,PM10 24h,51.5
Ostrava-Fifejdy,18.263689,49.839188,FFFFFF,-1,PM2_5 1h,
Ostrava-Fifejdy,18.263689,49.839188,9BD3AE,2,General,
Ostrava-Mariánské Hory,18.263655,49.824860,C7EAFB,1,SO2 1h,16.5
Ostrava-Mariánské Hory,18.263655,49.824860,C7EAFB,1,NO2 1h,19.7
Ostrava-Mariánské Hory,18.263655,49.824860,C7EAFB,1,CO 8h,479
Ostrava-Mariánské Hory,18.263655,49.824860,9BD3AE,2,PM10 1h,30.0
Ostrava-Mariánské Hory,18.263655,49.824860,C7EAFB,-2,O3 1h,19.6
Ostrava-Mariánské Hory,18.263655,49.824860,C7EAFB,-2,PM10 24h,43.5
Ostrava-Mariánské Hory,18.263655,49.824860,FFFFFF,-1,PM2_5 1h,
Ostrava-Mariánské Hory,18.263655,49.824860,9BD3AE,2,General,
Ostrava-Poruba DD,18.165279,49.835506,FFFFFF,-1,SO2 1h,
Ostrava-Poruba DD,18.165279,49.835506,C7EAFB,1,NO2 1h,14.0
Ostrava-Poruba DD,18.165279,49.835506,FFFFFF,-1,CO 8h,
Ostrava-Poruba DD,18.165279,49.835506,9BD3AE,2,PM10 1h,26.0
Ostrava-Poruba DD,18.165279,49.835506,FFFFFF,-1,O3 1h,
Ostrava-Poruba DD,18.165279,49.835506,C7EAFB,-2,PM10 24h,39.8
Ostrava-Poruba DD,18.165279,49.835506,FFFFFF,-1,PM2_5 1h,
Ostrava-Poruba DD,18.165279,49.835506,9BD3AE,2,General,
Ostrava-Poruba/ČHMÚ,18.159275,49.825294,C7EAFB,1,SO2 1h,3.7
Ostrava-Poruba/ČHMÚ,18.159275,49.825294,C7EAFB,1,NO2 1h,15.3
Ostrava-Poruba/ČHMÚ,18.159275,49.825294,FFFFFF,-1,CO 8h,
Ostrava-Poruba/ČHMÚ,18.159275,49.825294,FFFFFF,-1,PM10 1h,
Ostrava-Poruba/ČHMÚ,18.159275,49.825294,FFFFFF,-1,O3 1h,
Ostrava-Poruba/ČHMÚ,18.159275,49.825294,FFFFFF,-1,PM10 24h,
Ostrava-Poruba/ČHMÚ,18.159275,49.825294,FFFFFF,-1,PM2_5 1h,
Ostrava-Poruba/ČHMÚ,18.159275,49.825294,9BD3AE,-1,General,
Ostrava-Přívoz,18.269741,49.856258,C7EAFB,1,SO2 1h,10.4
Ostrava-Přívoz,18.269741,49.856258,C7EAFB,1,NO2 1h,20.9
Ostrava-Přívoz,18.269741,49.856258,C7EAFB,1,CO 8h,355
Ostrava-Přívoz,18.269741,49.856258,C7EAFB,1,PM10 1h,14.0
Ostrava-Přívoz,18.269741,49.856258,FFFFFF,-1,O3 1h,
Ostrava-Přívoz,18.269741,49.856258,C7EAFB,-2,PM10 24h,39.0
Ostrava-Přívoz,18.269741,49.856258,C7EAFB,-2,PM2_5 1h,37.0
Ostrava-Přívoz,18.269741,49.856258,C7EAFB,1,General,
Ostrava-Radvanice ZÚ,18.339138,49.807056,C7EAFB,1,SO2 1h,19.2
Ostrava-Radvanice ZÚ,18.339138,49.807056,C7EAFB,1,NO2 1h,19.3
Ostrava-Radvanice ZÚ,18.339138,49.807056,C7EAFB,1,CO 8h,438
Ostrava-Radvanice ZÚ,18.339138,49.807056,FFF200,3,PM10 1h,47.0
Ostrava-Radvanice ZÚ,18.339138,49.807056,C7EAFB,-2,O3 1h,17.6
Ostrava-Radvanice ZÚ,18.339138,49.807056,C7EAFB,-2,PM10 24h,60.1
Ostrava-Radvanice ZÚ,18.339138,49.807056,C7EAFB,-2,PM2_5 1h,45.0
Ostrava-Radvanice ZÚ,18.339138,49.807056,FFF200,3,General,
Ostrava-Radvanice OZO,18.340343,49.818539,C7EAFB,1,SO2 1h,21.0
Ostrava-Radvanice OZO,18.340343,49.818539,C7EAFB,1,NO2 1h,16.1
Ostrava-Radvanice OZO,18.340343,49.818539,FFFFFF,-1,CO 8h,
Ostrava-Radvanice OZO,18.340343,49.818539,9BD3AE,2,PM10 1h,31.0
Ostrava-Radvanice OZO,18.340343,49.818539,C7EAFB,-2,O3 1h,19.0
Ostrava-Radvanice OZO,18.340343,49.818539,C7EAFB,-2,PM10 24h,49.7
Ostrava-Radvanice OZO,18.340343,49.818539,FFFFFF,-1,PM2_5 1h,
Ostrava-Radvanice OZO,18.340343,49.818539,9BD3AE,2,General,
Orlová,18.433607,49.875660,FFFFFF,-1,SO2 1h,
Orlová,18.433607,49.875660,FFFFFF,-1,NO2 1h,
Orlová,18.433607,49.875660,FFFFFF,-1,CO 8h,
Orlová,18.433607,49.875660,9BD3AE,2,PM10 1h,33.0
Orlová,18.433607,49.875660,FFFFFF,-1,O3 1h,
Orlová,18.433607,49.875660,C7EAFB,-2,PM10 24h,58.7
Orlová,18.433607,49.875660,FFFFFF,-1,PM2_5 1h,
Orlová,18.433607,49.875660,9BD3AE,2,General,
Opava-Kateřinky,17.909531,49.944988,FFFFFF,-1,SO2 1h,
Opava-Kateřinky,17.909531,49.944988,C7EAFB,1,NO2 1h,10.9
Opava-Kateřinky,17.909531,49.944988,FFFFFF,-1,CO 8h,
Opava-Kateřinky,17.909531,49.944988,9BD3AE,2,PM10 1h,39.0
Opava-Kateřinky,17.909531,49.944988,C7EAFB,-2,O3 1h,30.7
Opava-Kateřinky,17.909531,49.944988,C7EAFB,-2,PM10 24h,49.0
Opava-Kateřinky,17.909531,49.944988,C7EAFB,-2,PM2_5 1h,33.0
Opava-Kateřinky,17.909531,49.944988,9BD3AE,2,General,
Ostrava-Zábřeh,18.247181,49.796040,C7EAFB,1,SO2 1h,12.2
Ostrava-Zábřeh,18.247181,49.796040,9BD3AE,2,NO2 1h,25.6
Ostrava-Zábřeh,18.247181,49.796040,FFFFFF,-1,CO 8h,
Ostrava-Zábřeh,18.247181,49.796040,9BD3AE,2,PM10 1h,31.0
Ostrava-Zábřeh,18.247181,49.796040,FFFFFF,-1,O3 1h,
Ostrava-Zábřeh,18.247181,49.796040,C7EAFB,-2,PM10 24h,55.5
Ostrava-Zábřeh,18.247181,49.796040,C7EAFB,-2,PM2_5 1h,29.0
Ostrava-Zábřeh,18.247181,49.796040,9BD3AE,2,General,
Rychvald,18.377254,49.871670,C7EAFB,1,SO2 1h,13.6
Rychvald,18.377254,49.871670,C7EAFB,1,NO2 1h,19.5
Rychvald,18.377254,49.871670,FFFFFF,-1,CO 8h,
Rychvald,18.377254,49.871670,9BD3AE,2,PM10 1h,30.0
Rychvald,18.377254,49.871670,FFFFFF,-1,O3 1h,
Rychvald,18.377254,49.871670,C7EAFB,-2,PM10 24h,74.2
Rychvald,18.377254,49.871670,C7EAFB,-2,PM2_5 1h,36.0
Rychvald,18.377254,49.871670,9BD3AE,2,General,
Studénka,18.089306,49.720936,FFFFFF,0,SO2 1h,
Studénka,18.089306,49.720936,FFFFFF,0,NO2 1h,
Studénka,18.089306,49.720936,FFFFFF,-1,CO 8h,
Studénka,18.089306,49.720936,C7EAFB,1,PM10 1h,1.0
Studénka,18.089306,49.720936,C7EAFB,-2,O3 1h,24.7
Studénka,18.089306,49.720936,C7EAFB,-2,PM10 24h,47.0
Studénka,18.089306,49.720936,C7EAFB,-2,PM2_5 1h,15.0
Studénka,18.089306,49.720936,FFFFFF,0,General,
Třinec-Kanada,18.643038,49.672379,FFFFFF,-1,SO2 1h,
Třinec-Kanada,18.643038,49.672379,C7EAFB,1,NO2 1h,18.6
Třinec-Kanada,18.643038,49.672379,FFFFFF,-1,CO 8h,
Třinec-Kanada,18.643038,49.672379,9BD3AE,2,PM10 1h,37.0
Třinec-Kanada,18.643038,49.672379,FFFFFF,-1,O3 1h,
Třinec-Kanada,18.643038,49.672379,C7EAFB,-2,PM10 24h,60.3
Třinec-Kanada,18.643038,49.672379,FFFFFF,-1,PM2_5 1h,
Třinec-Kanada,18.643038,49.672379,9BD3AE,2,General,
Třinec-Kosmos,18.677799,49.668114,FFFFFF,-1,SO2 1h,
Třinec-Kosmos,18.677799,49.668114,FFFFFF,-1,NO2 1h,
Třinec-Kosmos,18.677799,49.668114,FFFFFF,-1,CO 8h,
Třinec-Kosmos,18.677799,49.668114,FFF200,3,PM10 1h,53.0
Třinec-Kosmos,18.677799,49.668114,C7EAFB,-2,O3 1h,18.8
Třinec-Kosmos,18.677799,49.668114,C7EAFB,-2,PM10 24h,57.8
Třinec-Kosmos,18.677799,49.668114,C7EAFB,-2,PM2_5 1h,27.0
Třinec-Kosmos,18.677799,49.668114,FFF200,3,General,
Věřňovice,18.422873,49.924679,C7EAFB,1,SO2 1h,10.9
Věřňovice,18.422873,49.924679,C7EAFB,1,NO2 1h,17.8
Věřňovice,18.422873,49.924679,FFFFFF,-1,CO 8h,
Věřňovice,18.422873,49.924679,9BD3AE,2,PM10 1h,33.0
Věřňovice,18.422873,49.924679,FFFFFF,-1,O3 1h,
Věřňovice,18.422873,49.924679,C7EAFB,-2,PM10 24h,59.3
Věřňovice,18.422873,49.924679,C7EAFB,-2,PM2_5 1h,35.0
Věřňovice,18.422873,49.924679,9BD3AE,2,General,
Vítkov,17.760265,49.775162,C7EAFB,1,SO2 1h,14.1
Vítkov,17.760265,49.775162,C7EAFB,1,NO2 1h,4.0
Vítkov,17.760265,49.775162,C7EAFB,1,CO 8h,350
Vítkov,17.760265,49.775162,FFF200,3,PM10 1h,48.0
Vítkov,17.760265,49.775162,C7EAFB,-2,O3 1h,41.9
Vítkov,17.760265,49.775162,C7EAFB,-2,PM10 24h,22.4
Vítkov,17.760265,49.775162,FFFFFF,-1,PM2_5 1h,
Vítkov,17.760265,49.775162,FFF200,3,General,
