States__Regions__Stations__Name,States__Regions__Stations__Lon,States__Regions__Stations__Lat,Color,DetailAlarm,type,Val
Praha 8-Karlín,14.442049,50.094238,FFFFFF,-1,SO2 1h,
Praha 8-Karlín,14.442049,50.094238,C7EAFB,1,NO2 1h,23.3
Praha 8-Karlín,14.442049,50.094238,FFFFFF,-1,CO 8h,
Praha 8-Karlín,14.442049,50.094238,9BD3AE,2,PM10 1h,21
Praha 8-Karlín,14.442049,50.094238,FFFFFF,-1,O3 1h,
Praha 8-Karlín,14.442049,50.094238,C7EAFB,-2,PM10 24h,26.2
Praha 8-Karlín,14.442049,50.094238,FFFFFF,-1,PM2_5 1h,
Praha 8-Karlín,14.442049,50.094238,9BD3AE,2,General,
Praha 2-Legerova (hot spot),14.430673,50.072388,FFFFFF,-1,SO2 1h,
Praha 2-Legerova (hot spot),14.430673,50.072388,FFF200,3,NO2 1h,58.3
Praha 2-Legerova (hot spot),14.430673,50.072388,C7EAFB,1,CO 8h,531
Praha 2-Legerova (hot spot),14.430673,50.072388,C7EAFB,1,PM10 1h,17
Praha 2-Legerova (hot spot),14.430673,50.072388,FFFFFF,-1,O3 1h,
Praha 2-Legerova (hot spot),14.430673,50.072388,C7EAFB,-2,PM10 24h,24.1
Praha 2-Legerova (hot spot),14.430673,50.072388,C7EAFB,-2,PM2_5 1h,10
Praha 2-Legerova (hot spot),14.430673,50.072388,FFF200,3,General,
My own device !,14.43001,50.08002,ED1C24,5,CO 8h,50
Praha 1-n. Republiky,14.42922,50.088066,FFFFFF,-1,SO2 1h,
Praha 1-n. Republiky,14.42922,50.088066,9BD3AE,2,NO2 1h,47.1
Praha 1-n. Republiky,14.42922,50.088066,FFFFFF,-1,CO 8h,
Praha 1-n. Republiky,14.42922,50.088066,C7EAFB,1,PM10 1h,1
Praha 1-n. Republiky,14.42922,50.088066,FFFFFF,-1,O3 1h,
Praha 1-n. Republiky,14.42922,50.088066,C7EAFB,-2,PM10 24h,6.5
Praha 1-n. Republiky,14.42922,50.088066,FFFFFF,-1,PM2_5 1h,
Praha 1-n. Republiky,14.42922,50.088066,9BD3AE,2,General,
Praha 2-Riegrovy sady,14.442692,50.081482,C7EAFB,1,SO2 1h,1.3
Praha 2-Riegrovy sady,14.442692,50.081482,C7EAFB,1,NO2 1h,18.2
Praha 2-Riegrovy sady,14.442692,50.081482,FFFFFF,-1,CO 8h,
Praha 2-Riegrovy sady,14.442692,50.081482,C7EAFB,1,PM10 1h,18
Praha 2-Riegrovy sady,14.442692,50.081482,FFF200,3,O3 1h,71
Praha 2-Riegrovy sady,14.442692,50.081482,C7EAFB,-2,PM10 24h,22.5
Praha 2-Riegrovy sady,14.442692,50.081482,C7EAFB,-2,PM2_5 1h,9
Praha 2-Riegrovy sady,14.442692,50.081482,FFF200,3,General,
Praha 5-Smíchov,14.398141,50.073135,FFFFFF,-1,SO2 1h,
Praha 5-Smíchov,14.398141,50.073135,FFFFFF,0,NO2 1h,
Praha 5-Smíchov,14.398141,50.073135,FFFFFF,-1,CO 8h,
Praha 5-Smíchov,14.398141,50.073135,C7EAFB,1,PM10 1h,10
Praha 5-Smíchov,14.398141,50.073135,FFFFFF,-1,O3 1h,
Praha 5-Smíchov,14.398141,50.073135,C7EAFB,-2,PM10 24h,26.8
Praha 5-Smíchov,14.398141,50.073135,C7EAFB,-2,PM2_5 1h,2
Praha 5-Smíchov,14.398141,50.073135,FFFFFF,0,General,
Praha 10-Vršovice,14.446152,50.066429,FFFFFF,-1,SO2 1h,
Praha 10-Vršovice,14.446152,50.066429,FFFFFF,-1,NO2 1h,
Praha 10-Vršovice,14.446152,50.066429,FFFFFF,-1,CO 8h,
Praha 10-Vršovice,14.446152,50.066429,9BD3AE,2,PM10 1h,26
Praha 10-Vršovice,14.446152,50.066429,FFFFFF,-1,O3 1h,
Praha 10-Vršovice,14.446152,50.066429,C7EAFB,-2,PM10 24h,26.1
Praha 10-Vršovice,14.446152,50.066429,FFFFFF,-1,PM2_5 1h,
Praha 10-Vršovice,14.446152,50.066429,9BD3AE,2,General,
Praha 9-Vysočany,14.503096,50.11108,FFFFFF,-1,SO2 1h,
Praha 9-Vysočany,14.503096,50.11108,FFF200,3,NO2 1h,56.2
Praha 9-Vysočany,14.503096,50.11108,FFFFFF,-1,CO 8h,
Praha 9-Vysočany,14.503096,50.11108,C7EAFB,1,PM10 1h,13
Praha 9-Vysočany,14.503096,50.11108,C7EAFB,1,O3 1h,24.3
Praha 9-Vysočany,14.503096,50.11108,C7EAFB,-2,PM10 24h,26.4
Praha 9-Vysočany,14.503096,50.11108,FFFFFF,-1,PM2_5 1h,
Praha 9-Vysočany,14.503096,50.11108,FFF200,3,General,
Praha 4-Braník,14.411826,50.042004,FFFFFF,-1,SO2 1h,
Praha 4-Braník,14.411826,50.042004,9BD3AE,2,NO2 1h,39
Praha 4-Braník,14.411826,50.042004,FFFFFF,-1,CO 8h,
Praha 4-Braník,14.411826,50.042004,C7EAFB,1,PM10 1h,11
Praha 4-Braník,14.411826,50.042004,FFFFFF,-1,O3 1h,
Praha 4-Braník,14.411826,50.042004,C7EAFB,-2,PM10 24h,20.8
Praha 4-Braník,14.411826,50.042004,FFFFFF,-1,PM2_5 1h,
Praha 4-Braník,14.411826,50.042004,9BD3AE,2,General,
Praha 8-Kobylisy,14.467578,50.122189,FFFFFF,-1,SO2 1h,
Praha 8-Kobylisy,14.467578,50.122189,C7EAFB,1,NO2 1h,2.9
Praha 8-Kobylisy,14.467578,50.122189,FFFFFF,-1,CO 8h,
Praha 8-Kobylisy,14.467578,50.122189,C7EAFB,1,PM10 1h,14
Praha 8-Kobylisy,14.467578,50.122189,9BD3AE,2,O3 1h,64
Praha 8-Kobylisy,14.467578,50.122189,C7EAFB,-2,PM10 24h,19.1
Praha 8-Kobylisy,14.467578,50.122189,FFFFFF,-1,PM2_5 1h,
Praha 8-Kobylisy,14.467578,50.122189,9BD3AE,2,General,
Praha 4-Libuš,14.445933,50.007305,C7EAFB,1,SO2 1h,3.2
Praha 4-Libuš,14.445933,50.007305,C7EAFB,1,NO2 1h,23
Praha 4-Libuš,14.445933,50.007305,C7EAFB,1,CO 8h,240
Praha 4-Libuš,14.445933,50.007305,9BD3AE,2,PM10 1h,23.7
Praha 4-Libuš,14.445933,50.007305,FFFFFF,0,O3 1h,
Praha 4-Libuš,14.445933,50.007305,C7EAFB,-2,PM10 24h,21.3
Praha 4-Libuš,14.445933,50.007305,C7EAFB,-2,PM2_5 1h,38.4
Praha 4-Libuš,14.445933,50.007305,FFFFFF,0,General,
Praha 5-Stodůlky,14.331413,50.046131,FFFFFF,-1,SO2 1h,
Praha 5-Stodůlky,14.331413,50.046131,FFFFFF,-1,NO2 1h,
Praha 5-Stodůlky,14.331413,50.046131,FFFFFF,-1,CO 8h,
Praha 5-Stodůlky,14.331413,50.046131,C7EAFB,1,PM10 1h,12
Praha 5-Stodůlky,14.331413,50.046131,FFF200,3,O3 1h,67
Praha 5-Stodůlky,14.331413,50.046131,C7EAFB,-2,PM10 24h,18.6
Praha 5-Stodůlky,14.331413,50.046131,C7EAFB,-2,PM2_5 1h,11
Praha 5-Stodůlky,14.331413,50.046131,FFF200,3,General,
Praha 6-Suchdol,14.384639,50.12653,FFFFFF,-1,SO2 1h,
Praha 6-Suchdol,14.384639,50.12653,FFFFFF,-1,NO2 1h,
Praha 6-Suchdol,14.384639,50.12653,FFFFFF,-1,CO 8h,
Praha 6-Suchdol,14.384639,50.12653,C7EAFB,1,PM10 1h,3
Praha 6-Suchdol,14.384639,50.12653,9BD3AE,2,O3 1h,63.2
Praha 6-Suchdol,14.384639,50.12653,C7EAFB,-2,PM10 24h,17.9
Praha 6-Suchdol,14.384639,50.12653,FFFFFF,-1,PM2_5 1h,
Praha 6-Suchdol,14.384639,50.12653,9BD3AE,2,General,
Praha 6-Břevnov,14.380116,50.084385,FFFFFF,-1,SO2 1h,
Praha 6-Břevnov,14.380116,50.084385,9BD3AE,2,NO2 1h,39.6
Praha 6-Břevnov,14.380116,50.084385,FFFFFF,-1,CO 8h,
Praha 6-Břevnov,14.380116,50.084385,C7EAFB,1,PM10 1h,5
Praha 6-Břevnov,14.380116,50.084385,FFFFFF,-1,O3 1h,
Praha 6-Břevnov,14.380116,50.084385,C7EAFB,-2,PM10 24h,18.7
Praha 6-Břevnov,14.380116,50.084385,FFFFFF,-1,PM2_5 1h,
Praha 6-Břevnov,14.380116,50.084385,9BD3AE,2,General,
Praha 4-Chodov,14.51745,50.03017,FFFFFF,-1,SO2 1h,
Praha 4-Chodov,14.51745,50.03017,9BD3AE,2,NO2 1h,26
Praha 4-Chodov,14.51745,50.03017,FFFFFF,-1,CO 8h,
Praha 4-Chodov,14.51745,50.03017,C7EAFB,1,PM10 1h,14
Praha 4-Chodov,14.51745,50.03017,FFFFFF,-1,O3 1h,
Praha 4-Chodov,14.51745,50.03017,C7EAFB,-2,PM10 24h,14.6
Praha 4-Chodov,14.51745,50.03017,FFFFFF,-1,PM2_5 1h,
Praha 4-Chodov,14.51745,50.03017,9BD3AE,2,General,
Praha 10-Průmyslová,14.53782,50.062298,FFFFFF,-1,SO2 1h,
Praha 10-Průmyslová,14.53782,50.062298,9BD3AE,2,NO2 1h,32.1
Praha 10-Průmyslová,14.53782,50.062298,FFFFFF,-1,CO 8h,
Praha 10-Průmyslová,14.53782,50.062298,C7EAFB,1,PM10 1h,10
Praha 10-Průmyslová,14.53782,50.062298,FFFFFF,-1,O3 1h,
Praha 10-Průmyslová,14.53782,50.062298,C7EAFB,-2,PM10 24h,32.9
Praha 10-Průmyslová,14.53782,50.062298,FFFFFF,-1,PM2_5 1h,
Praha 10-Průmyslová,14.53782,50.062298,9BD3AE,2,General,
Beroun,14.0583,49.957928,FFFFFF,-1,SO2 1h,
Beroun,14.0583,49.957928,FFF200,3,NO2 1h,50.9
Beroun,14.0583,49.957928,C7EAFB,1,CO 8h,47
Beroun,14.0583,49.957928,C7EAFB,1,PM10 1h,2
Beroun,14.0583,49.957928,FFFFFF,-1,O3 1h,
Beroun,14.0583,49.957928,C7EAFB,-2,PM10 24h,26.7
Beroun,14.0583,49.957928,C7EAFB,-2,PM2_5 1h,11
Beroun,14.0583,49.957928,FFF200,3,General,
Kladno-střed města,14.101784,50.14386,FFFFFF,-1,SO2 1h,
Kladno-střed města,14.101784,50.14386,FFFFFF,-1,NO2 1h,
Kladno-střed města,14.101784,50.14386,FFFFFF,-1,CO 8h,
Kladno-střed města,14.101784,50.14386,C7EAFB,1,PM10 1h,1
Kladno-střed města,14.101784,50.14386,FFF200,3,O3 1h,72.6
Kladno-střed města,14.101784,50.14386,C7EAFB,-2,PM10 24h,9.9
Kladno-střed města,14.101784,50.14386,C7EAFB,-2,PM2_5 1h,10
Kladno-střed města,14.101784,50.14386,FFF200,3,General,
Kladno-Švermov,14.106048,50.167412,C7EAFB,1,SO2 1h,10.1
Kladno-Švermov,14.106048,50.167412,C7EAFB,1,NO2 1h,20.5
Kladno-Švermov,14.106048,50.167412,FFFFFF,-1,CO 8h,
Kladno-Švermov,14.106048,50.167412,C7EAFB,1,PM10 1h,19
Kladno-Švermov,14.106048,50.167412,FFFFFF,-1,O3 1h,
Kladno-Švermov,14.106048,50.167412,C7EAFB,-2,PM10 24h,20.2
Kladno-Švermov,14.106048,50.167412,FFFFFF,-1,PM2_5 1h,
Kladno-Švermov,14.106048,50.167412,C7EAFB,1,General,
Mladá Boleslav,14.913859,50.428646,FFFFFF,-1,SO2 1h,
Mladá Boleslav,14.913859,50.428646,C7EAFB,1,NO2 1h,15.1
Mladá Boleslav,14.913859,50.428646,FFFFFF,-1,CO 8h,
Mladá Boleslav,14.913859,50.428646,C7EAFB,1,PM10 1h,4
Mladá Boleslav,14.913859,50.428646,FFF200,3,O3 1h,67.6
Mladá Boleslav,14.913859,50.428646,C7EAFB,-2,PM10 24h,16.6
Mladá Boleslav,14.913859,50.428646,C7EAFB,-2,PM2_5 1h,6
Mladá Boleslav,14.913859,50.428646,FFF200,3,General,
Ondřejov,14.782625,49.913513,FFFFFF,-1,SO2 1h,
Ondřejov,14.782625,49.913513,FFFFFF,-1,NO2 1h,
Ondřejov,14.782625,49.913513,FFFFFF,-1,CO 8h,
Ondřejov,14.782625,49.913513,FFFFFF,-1,PM10 1h,
Ondřejov,14.782625,49.913513,FFF200,3,O3 1h,82.2
Ondřejov,14.782625,49.913513,FFFFFF,-1,PM10 24h,
Ondřejov,14.782625,49.913513,FFFFFF,-1,PM2_5 1h,
Ondřejov,14.782625,49.913513,FFF200,-1,General,
Příbram,14.00774,49.684944,FFFFFF,-1,SO2 1h,
Příbram,14.00774,49.684944,C7EAFB,1,NO2 1h,18.9
Příbram,14.00774,49.684944,FFFFFF,-1,CO 8h,
Příbram,14.00774,49.684944,C7EAFB,1,PM10 1h,12
Příbram,14.00774,49.684944,FFFFFF,-1,O3 1h,
Příbram,14.00774,49.684944,C7EAFB,-2,PM10 24h,23.4
Příbram,14.00774,49.684944,FFFFFF,-1,PM2_5 1h,
Příbram,14.00774,49.684944,C7EAFB,1,General,
Rožďalovice-Ruská,15.178303,50.301983,C7EAFB,1,SO2 1h,2.7
Rožďalovice-Ruská,15.178303,50.301983,C7EAFB,1,NO2 1h,8
Rožďalovice-Ruská,15.178303,50.301983,FFFFFF,-1,CO 8h,
Rožďalovice-Ruská,15.178303,50.301983,C7EAFB,1,PM10 1h,9
Rožďalovice-Ruská,15.178303,50.301983,FFFFFF,-1,O3 1h,
Rožďalovice-Ruská,15.178303,50.301983,C7EAFB,-2,PM10 24h,11.5
Rožďalovice-Ruská,15.178303,50.301983,C7EAFB,-2,PM2_5 1h,3
Rožďalovice-Ruská,15.178303,50.301983,C7EAFB,1,General,
Tobolka-Čertovy schody,14.094489,49.918503,FFFFFF,-1,SO2 1h,
Tobolka-Čertovy schody,14.094489,49.918503,C7EAFB,1,NO2 1h,13
Tobolka-Čertovy schody,14.094489,49.918503,C7EAFB,1,CO 8h,172
Tobolka-Čertovy schody,14.094489,49.918503,FFFFFF,-1,PM10 1h,
Tobolka-Čertovy schody,14.094489,49.918503,FFF200,3,O3 1h,74
Tobolka-Čertovy schody,14.094489,49.918503,FFFFFF,-1,PM10 24h,
Tobolka-Čertovy schody,14.094489,49.918503,C7EAFB,-2,PM2_5 1h,9
Tobolka-Čertovy schody,14.094489,49.918503,C7EAFB,-1,General,
České Budějovice,14.465684,48.984386,C7EAFB,1,SO2 1h,1.3
České Budějovice,14.465684,48.984386,C7EAFB,1,NO2 1h,19.3
České Budějovice,14.465684,48.984386,FFFFFF,-1,CO 8h,
České Budějovice,14.465684,48.984386,9BD3AE,2,PM10 1h,22
České Budějovice,14.465684,48.984386,9BD3AE,2,O3 1h,45.5
České Budějovice,14.465684,48.984386,C7EAFB,-2,PM10 24h,19.9
České Budějovice,14.465684,48.984386,C7EAFB,-2,PM2_5 1h,15
České Budějovice,14.465684,48.984386,9BD3AE,2,General,
Churáňov,13.614801,49.068436,C7EAFB,1,SO2 1h,9.1
Churáňov,13.614801,49.068436,C7EAFB,1,NO2 1h,5.9
Churáňov,13.614801,49.068436,FFFFFF,-1,CO 8h,
Churáňov,13.614801,49.068436,FFFFFF,-1,PM10 1h,
Churáňov,13.614801,49.068436,FFF200,3,O3 1h,78.2
Churáňov,13.614801,49.068436,FFFFFF,-1,PM10 24h,
Churáňov,13.614801,49.068436,C7EAFB,-2,PM2_5 1h,
Churáňov,13.614801,49.068436,9BD3AE,-1,General,
Hojná Voda,14.723382,48.724197,FFFFFF,-1,SO2 1h,
Hojná Voda,14.723382,48.724197,FFFFFF,-1,NO2 1h,
Hojná Voda,14.723382,48.724197,FFFFFF,-1,CO 8h,
Hojná Voda,14.723382,48.724197,C7EAFB,1,PM10 1h,20
Hojná Voda,14.723382,48.724197,FFF200,3,O3 1h,79.6
Hojná Voda,14.723382,48.724197,C7EAFB,-2,PM10 24h,13.8
Hojná Voda,14.723382,48.724197,FFFFFF,-1,PM2_5 1h,
Hojná Voda,14.723382,48.724197,FFF200,3,General,
Kocelovice,13.838234,49.467243,FFFFFF,-1,SO2 1h,
Kocelovice,13.838234,49.467243,FFFFFF,-1,NO2 1h,
Kocelovice,13.838234,49.467243,FFFFFF,-1,CO 8h,
Kocelovice,13.838234,49.467243,FFFFFF,-1,PM10 1h,
Kocelovice,13.838234,49.467243,FFF200,3,O3 1h,68.8
Kocelovice,13.838234,49.467243,FFFFFF,-1,PM10 24h,
Kocelovice,13.838234,49.467243,FFFFFF,-1,PM2_5 1h,
Kocelovice,13.838234,49.467243,FFF200,-1,General,
Prachatice,14.000444,49.016087,FFFFFF,0,SO2 1h,
Prachatice,14.000444,49.016087,FFFFFF,0,NO2 1h,
Prachatice,14.000444,49.016087,FFFFFF,0,CO 8h,
Prachatice,14.000444,49.016087,9BD3AE,2,PM10 1h,29
Prachatice,14.000444,49.016087,FFFFFF,0,O3 1h,
Prachatice,14.000444,49.016087,C7EAFB,-2,PM10 24h,21.5
Prachatice,14.000444,49.016087,FFFFFF,-1,PM2_5 1h,
Prachatice,14.000444,49.016087,FFFFFF,0,General,
Tábor,14.676389,49.411232,FFFFFF,-1,SO2 1h,
Tábor,14.676389,49.411232,C7EAFB,1,NO2 1h,14.2
Tábor,14.676389,49.411232,C7EAFB,1,CO 8h,272
Tábor,14.676389,49.411232,C7EAFB,1,PM10 1h,17
Tábor,14.676389,49.411232,FFF200,3,O3 1h,68.4
Tábor,14.676389,49.411232,C7EAFB,-2,PM10 24h,24.1
Tábor,14.676389,49.411232,FFFFFF,-1,PM2_5 1h,
Tábor,14.676389,49.411232,FFF200,3,General,
Kamenný Újezd,13.618538,49.722,C7EAFB,1,SO2 1h,5.1
Kamenný Újezd,13.618538,49.722,C7EAFB,1,NO2 1h,9.9
Kamenný Újezd,13.618538,49.722,FFFFFF,-1,CO 8h,
Kamenný Újezd,13.618538,49.722,C7EAFB,1,PM10 1h,18
Kamenný Újezd,13.618538,49.722,FFFFFF,-1,O3 1h,
Kamenný Újezd,13.618538,49.722,C7EAFB,-2,PM10 24h,24.3
Kamenný Újezd,13.618538,49.722,C7EAFB,-2,PM2_5 1h,12
Kamenný Újezd,13.618538,49.722,C7EAFB,1,General,
Plzeň-Slovany,13.402281,49.732449,FFFFFF,0,SO2 1h,
Plzeň-Slovany,13.402281,49.732449,FFFFFF,0,NO2 1h,
Plzeň-Slovany,13.402281,49.732449,FFFFFF,0,CO 8h,
Plzeň-Slovany,13.402281,49.732449,FFFFFF,0,PM10 1h,
Plzeň-Slovany,13.402281,49.732449,FFFFFF,0,O3 1h,
Plzeň-Slovany,13.402281,49.732449,C7EAFB,-2,PM10 24h,
Plzeň-Slovany,13.402281,49.732449,C7EAFB,-2,PM2_5 1h,
Plzeň-Slovany,13.402281,49.732449,FFFFFF,0,General,
Plzeň-Bory,13.37554,49.728394,C7EAFB,1,SO2 1h,6.4
Plzeň-Bory,13.37554,49.728394,C7EAFB,1,NO2 1h,5.5
Plzeň-Bory,13.37554,49.728394,C7EAFB,1,CO 8h,477
Plzeň-Bory,13.37554,49.728394,C7EAFB,1,PM10 1h,15
Plzeň-Bory,13.37554,49.728394,9BD3AE,2,O3 1h,57.7
Plzeň-Bory,13.37554,49.728394,C7EAFB,-2,PM10 24h,30.9
Plzeň-Bory,13.37554,49.728394,C7EAFB,-2,PM2_5 1h,12
Plzeň-Bory,13.37554,49.728394,9BD3AE,2,General,
Plzeň-střed,13.381039,49.74733,C7EAFB,1,SO2 1h,2.7
Plzeň-střed,13.381039,49.74733,C7EAFB,1,NO2 1h,8.2
Plzeň-střed,13.381039,49.74733,9BD3AE,2,CO 8h,1 225
Plzeň-střed,13.381039,49.74733,C7EAFB,1,PM10 1h,12
Plzeň-střed,13.381039,49.74733,FFFFFF,-1,O3 1h,
Plzeň-střed,13.381039,49.74733,C7EAFB,-2,PM10 24h,20.1
Plzeň-střed,13.381039,49.74733,C7EAFB,-2,PM2_5 1h,10
Plzeň-střed,13.381039,49.74733,9BD3AE,2,General,
Plzeň-Lochotín,13.368221,49.770126,C7EAFB,1,SO2 1h,8
Plzeň-Lochotín,13.368221,49.770126,C7EAFB,1,NO2 1h,5.7
Plzeň-Lochotín,13.368221,49.770126,FFFFFF,-1,CO 8h,
Plzeň-Lochotín,13.368221,49.770126,C7EAFB,1,PM10 1h,20
Plzeň-Lochotín,13.368221,49.770126,9BD3AE,2,O3 1h,60.4
Plzeň-Lochotín,13.368221,49.770126,C7EAFB,-2,PM10 24h,29.7
Plzeň-Lochotín,13.368221,49.770126,C7EAFB,-2,PM2_5 1h,13
Plzeň-Lochotín,13.368221,49.770126,9BD3AE,2,General,
Plzeň-Skvrňany,13.320748,49.745991,C7EAFB,1,SO2 1h,8.5
Plzeň-Skvrňany,13.320748,49.745991,C7EAFB,1,NO2 1h,7.7
Plzeň-Skvrňany,13.320748,49.745991,FFFFFF,-1,CO 8h,
Plzeň-Skvrňany,13.320748,49.745991,C7EAFB,1,PM10 1h,9
Plzeň-Skvrňany,13.320748,49.745991,FFFFFF,-1,O3 1h,
Plzeň-Skvrňany,13.320748,49.745991,C7EAFB,-2,PM10 24h,14.1
Plzeň-Skvrňany,13.320748,49.745991,C7EAFB,-2,PM2_5 1h,8
Plzeň-Skvrňany,13.320748,49.745991,C7EAFB,1,General,
Plzeň-Doubravka,13.423381,49.768616,C7EAFB,1,SO2 1h,4.3
Plzeň-Doubravka,13.423381,49.768616,C7EAFB,1,NO2 1h,6.3
Plzeň-Doubravka,13.423381,49.768616,FFFFFF,-1,CO 8h,
Plzeň-Doubravka,13.423381,49.768616,C7EAFB,1,PM10 1h,16
Plzeň-Doubravka,13.423381,49.768616,9BD3AE,2,O3 1h,63.8
Plzeň-Doubravka,13.423381,49.768616,C7EAFB,-2,PM10 24h,24.3
Plzeň-Doubravka,13.423381,49.768616,C7EAFB,-2,PM2_5 1h,8
Plzeň-Doubravka,13.423381,49.768616,9BD3AE,2,General,
Plzeň - mobil 20.03.2013 Plzeň - Litice,13.352594,49.692787,C7EAFB,1,SO2 1h,5.3
Plzeň - mobil 20.03.2013 Plzeň - Litice,13.352594,49.692787,C7EAFB,1,NO2 1h,12.6
Plzeň - mobil 20.03.2013 Plzeň - Litice,13.352594,49.692787,C7EAFB,1,CO 8h,485
Plzeň - mobil 20.03.2013 Plzeň - Litice,13.352594,49.692787,C7EAFB,1,PM10 1h,16
Plzeň - mobil 20.03.2013 Plzeň - Litice,13.352594,49.692787,9BD3AE,2,O3 1h,54.1
Plzeň - mobil 20.03.2013 Plzeň - Litice,13.352594,49.692787,C7EAFB,-2,PM10 24h,34.3
Plzeň - mobil 20.03.2013 Plzeň - Litice,13.352594,49.692787,C7EAFB,-2,PM2_5 1h,12
Plzeň - mobil 20.03.2013 Plzeň - Litice,13.352594,49.692787,9BD3AE,2,General,
Přimda,12.677884,49.669582,FFFFFF,-1,SO2 1h,
Přimda,12.677884,49.669582,FFFFFF,-1,NO2 1h,
Přimda,12.677884,49.669582,FFFFFF,-1,CO 8h,
Přimda,12.677884,49.669582,FFFFFF,-1,PM10 1h,
Přimda,12.677884,49.669582,FFF200,3,O3 1h,77.4
Přimda,12.677884,49.669582,FFFFFF,-1,PM10 24h,
Přimda,12.677884,49.669582,FFFFFF,-1,PM2_5 1h,
Přimda,12.677884,49.669582,9BD3AE,-1,General,
Cheb,12.363442,50.065861,FFFFFF,-1,SO2 1h,
Cheb,12.363442,50.065861,FFFFFF,-1,NO2 1h,
Cheb,12.363442,50.065861,FFFFFF,-1,CO 8h,
Cheb,12.363442,50.065861,C7EAFB,1,PM10 1h,5
Cheb,12.363442,50.065861,FFFFFF,-1,O3 1h,
Cheb,12.363442,50.065861,C7EAFB,-2,PM10 24h,17.3
Cheb,12.363442,50.065861,FFFFFF,-1,PM2_5 1h,
Cheb,12.363442,50.065861,C7EAFB,1,General,
Přebuz,12.61538,50.372478,C7EAFB,1,SO2 1h,1.3
Přebuz,12.61538,50.372478,C7EAFB,1,NO2 1h,7.3
Přebuz,12.61538,50.372478,FFFFFF,-1,CO 8h,
Přebuz,12.61538,50.372478,FFFFFF,-1,PM10 1h,
Přebuz,12.61538,50.372478,9BD3AE,2,O3 1h,47.7
Přebuz,12.61538,50.372478,FFFFFF,-1,PM10 24h,
Přebuz,12.61538,50.372478,FFFFFF,-1,PM2_5 1h,
Přebuz,12.61538,50.372478,C7EAFB,-1,General,
Sokolov,12.672818,50.172825,C7EAFB,1,SO2 1h,3.7
Sokolov,12.672818,50.172825,C7EAFB,1,NO2 1h,14.7
Sokolov,12.672818,50.172825,FFFFFF,-1,CO 8h,
Sokolov,12.672818,50.172825,C7EAFB,1,PM10 1h,12
Sokolov,12.672818,50.172825,9BD3AE,2,O3 1h,52.3
Sokolov,12.672818,50.172825,C7EAFB,-2,PM10 24h,15.3
Sokolov,12.672818,50.172825,C7EAFB,-2,PM2_5 1h,5
Sokolov,12.672818,50.172825,9BD3AE,2,General,
Chomutov,13.412696,50.467529,FFFFFF,-1,SO2 1h,
Chomutov,13.412696,50.467529,FFFFFF,-1,NO2 1h,
Chomutov,13.412696,50.467529,FFFFFF,-1,CO 8h,
Chomutov,13.412696,50.467529,C7EAFB,1,PM10 1h,7
Chomutov,13.412696,50.467529,FFFFFF,-1,O3 1h,
Chomutov,13.412696,50.467529,C7EAFB,-2,PM10 24h,14.4
Chomutov,13.412696,50.467529,FFFFFF,-1,PM2_5 1h,
Chomutov,13.412696,50.467529,C7EAFB,1,General,
Děčín,14.218794,50.774151,FFFFFF,-1,SO2 1h,
Děčín,14.218794,50.774151,C7EAFB,1,NO2 1h,21.4
Děčín,14.218794,50.774151,FFFFFF,-1,CO 8h,
Děčín,14.218794,50.774151,C7EAFB,1,PM10 1h,19
Děčín,14.218794,50.774151,FFFFFF,-1,O3 1h,
Děčín,14.218794,50.774151,C7EAFB,-2,PM10 24h,24.1
Děčín,14.218794,50.774151,C7EAFB,-2,PM2_5 1h,9
Děčín,14.218794,50.774151,C7EAFB,1,General,
Doksany,14.170162,50.458855,C7EAFB,1,SO2 1h,2.7
Doksany,14.170162,50.458855,C7EAFB,1,NO2 1h,7.7
Doksany,14.170162,50.458855,FFFFFF,-1,CO 8h,
Doksany,14.170162,50.458855,FFFFFF,-1,PM10 1h,
Doksany,14.170162,50.458855,9BD3AE,2,O3 1h,51.3
Doksany,14.170162,50.458855,FFFFFF,-1,PM10 24h,
Doksany,14.170162,50.458855,FFFFFF,-1,PM2_5 1h,
Doksany,14.170162,50.458855,C7EAFB,-1,General,
Krupka,13.847692,50.696671,9BD3AE,2,SO2 1h,30.1
Krupka,13.847692,50.696671,FFFFFF,-1,NO2 1h,
Krupka,13.847692,50.696671,FFFFFF,-1,CO 8h,
Krupka,13.847692,50.696671,C7EAFB,1,PM10 1h,8
Krupka,13.847692,50.696671,FFFFFF,-1,O3 1h,
Krupka,13.847692,50.696671,C7EAFB,-2,PM10 24h,18.4
Krupka,13.847692,50.696671,FFFFFF,-1,PM2_5 1h,
Krupka,13.847692,50.696671,9BD3AE,2,General,
Lom,13.673418,50.585766,C7EAFB,1,SO2 1h,2.9
Lom,13.673418,50.585766,C7EAFB,1,NO2 1h,5.5
Lom,13.673418,50.585766,FFFFFF,-1,CO 8h,
Lom,13.673418,50.585766,C7EAFB,1,PM10 1h,7
Lom,13.673418,50.585766,9BD3AE,2,O3 1h,48.1
Lom,13.673418,50.585766,C7EAFB,-2,PM10 24h,13.4
Lom,13.673418,50.585766,C7EAFB,-2,PM2_5 1h,2
Lom,13.673418,50.585766,9BD3AE,2,General,
Litoměřice,14.119409,50.540897,C7EAFB,1,SO2 1h,2.9
Litoměřice,14.119409,50.540897,FFFFFF,-1,NO2 1h,
Litoměřice,14.119409,50.540897,FFFFFF,-1,CO 8h,
Litoměřice,14.119409,50.540897,C7EAFB,1,PM10 1h,9
Litoměřice,14.119409,50.540897,FFF200,3,O3 1h,69.6
Litoměřice,14.119409,50.540897,C7EAFB,-2,PM10 24h,19.4
Litoměřice,14.119409,50.540897,FFFFFF,-1,PM2_5 1h,
Litoměřice,14.119409,50.540897,FFF200,3,General,
Měděnec,13.130143,50.427589,FFFFFF,0,SO2 1h,
Měděnec,13.130143,50.427589,FFFFFF,-1,NO2 1h,
Měděnec,13.130143,50.427589,FFFFFF,-1,CO 8h,
Měděnec,13.130143,50.427589,C7EAFB,1,PM10 1h,11
Měděnec,13.130143,50.427589,FFFFFF,-1,O3 1h,
Měděnec,13.130143,50.427589,C7EAFB,-2,PM10 24h,14.1
Měděnec,13.130143,50.427589,FFFFFF,-1,PM2_5 1h,
Měděnec,13.130143,50.427589,C7EAFB,1,General,
Most,13.645272,50.510365,FFFFFF,-1,SO2 1h,
Most,13.645272,50.510365,C7EAFB,1,NO2 1h,12.4
Most,13.645272,50.510365,FFFFFF,-1,CO 8h,
Most,13.645272,50.510365,C7EAFB,1,PM10 1h,6
Most,13.645272,50.510365,FFF200,3,O3 1h,70.2
Most,13.645272,50.510365,C7EAFB,-2,PM10 24h,19.5
Most,13.645272,50.510365,C7EAFB,-2,PM2_5 1h,6
Most,13.645272,50.510365,FFF200,3,General,
Rudolice v Horách,13.419506,50.579834,FFFFFF,-1,SO2 1h,
Rudolice v Horách,13.419506,50.579834,FFFFFF,-1,NO2 1h,
Rudolice v Horách,13.419506,50.579834,FFFFFF,-1,CO 8h,
Rudolice v Horách,13.419506,50.579834,C7EAFB,1,PM10 1h,7
Rudolice v Horách,13.419506,50.579834,FFF200,3,O3 1h,88.8
Rudolice v Horách,13.419506,50.579834,C7EAFB,-2,PM10 24h,9.6
Rudolice v Horách,13.419506,50.579834,FFFFFF,-1,PM2_5 1h,
Rudolice v Horách,13.419506,50.579834,FFF200,3,General,
Sněžník,14.086799,50.789444,C7EAFB,1,SO2 1h,3.7
Sněžník,14.086799,50.789444,C7EAFB,1,NO2 1h,3.8
Sněžník,14.086799,50.789444,FFFFFF,-1,CO 8h,
Sněžník,14.086799,50.789444,FFFFFF,-1,PM10 1h,
Sněžník,14.086799,50.789444,FFFFFF,0,O3 1h,
Sněžník,14.086799,50.789444,FFFFFF,-1,PM10 24h,
Sněžník,14.086799,50.789444,FFFFFF,-1,PM2_5 1h,
Sněžník,14.086799,50.789444,FFF200,-1,General,
Teplice ,13.85125,50.645279,C7EAFB,1,SO2 1h,3.5
Teplice ,13.85125,50.645279,FFFFFF,-1,NO2 1h,
Teplice ,13.85125,50.645279,FFFFFF,-1,CO 8h,
Teplice ,13.85125,50.645279,C7EAFB,1,PM10 1h,6
Teplice ,13.85125,50.645279,FFFFFF,0,O3 1h,
Teplice ,13.85125,50.645279,C7EAFB,-2,PM10 24h,13.5
Teplice ,13.85125,50.645279,C7EAFB,-2,PM2_5 1h,4
Teplice ,13.85125,50.645279,FFFFFF,0,General,
Tušimice,13.327622,50.376587,C7EAFB,1,SO2 1h,1.3
Tušimice,13.327622,50.376587,C7EAFB,1,NO2 1h,7.8
Tušimice,13.327622,50.376587,FFFFFF,-1,CO 8h,
Tušimice,13.327622,50.376587,FFF200,3,PM10 1h,47
Tušimice,13.327622,50.376587,9BD3AE,2,O3 1h,64
Tušimice,13.327622,50.376587,C7EAFB,-2,PM10 24h,20.4
Tušimice,13.327622,50.376587,C7EAFB,-2,PM2_5 1h,19
Tušimice,13.327622,50.376587,FFF200,3,General,
Ústí n.L.-Všebořická (hot spot),13.997873,50.683125,FFFFFF,-1,SO2 1h,
Ústí n.L.-Všebořická (hot spot),13.997873,50.683125,C7EAFB,1,NO2 1h,21.8
Ústí n.L.-Všebořická (hot spot),13.997873,50.683125,C7EAFB,1,CO 8h,282
Ústí n.L.-Všebořická (hot spot),13.997873,50.683125,C7EAFB,1,PM10 1h,19
Ústí n.L.-Všebořická (hot spot),13.997873,50.683125,FFFFFF,-1,O3 1h,
Ústí n.L.-Všebořická (hot spot),13.997873,50.683125,C7EAFB,-2,PM10 24h,18.2
Ústí n.L.-Všebořická (hot spot),13.997873,50.683125,C7EAFB,-2,PM2_5 1h,13
Ústí n.L.-Všebořická (hot spot),13.997873,50.683125,C7EAFB,1,General,
Ústí n.L.-Kočkov,14.041195,50.683525,C7EAFB,1,SO2 1h,1.3
Ústí n.L.-Kočkov,14.041195,50.683525,C7EAFB,1,NO2 1h,5.9
Ústí n.L.-Kočkov,14.041195,50.683525,FFFFFF,-1,CO 8h,
Ústí n.L.-Kočkov,14.041195,50.683525,C7EAFB,1,PM10 1h,1
Ústí n.L.-Kočkov,14.041195,50.683525,FFF200,3,O3 1h,84
Ústí n.L.-Kočkov,14.041195,50.683525,C7EAFB,-2,PM10 24h,10.1
Ústí n.L.-Kočkov,14.041195,50.683525,C7EAFB,-2,PM2_5 1h,3
Ústí n.L.-Kočkov,14.041195,50.683525,FFF200,3,General,
Ústí n.L.-město,14.043063,50.661095,C7EAFB,1,SO2 1h,1.3
Ústí n.L.-město,14.043063,50.661095,C7EAFB,1,NO2 1h,19.1
Ústí n.L.-město,14.043063,50.661095,FFFFFF,-1,CO 8h,
Ústí n.L.-město,14.043063,50.661095,C7EAFB,1,PM10 1h,9
Ústí n.L.-město,14.043063,50.661095,9BD3AE,2,O3 1h,50.9
Ústí n.L.-město,14.043063,50.661095,C7EAFB,-2,PM10 24h,18.7
Ústí n.L.-město,14.043063,50.661095,FFFFFF,-1,PM2_5 1h,
Ústí n.L.-město,14.043063,50.661095,9BD3AE,2,General,
Česká Lípa,14.537345,50.698044,FFFFFF,-1,SO2 1h,
Česká Lípa,14.537345,50.698044,FFFFFF,-1,NO2 1h,
Česká Lípa,14.537345,50.698044,FFFFFF,-1,CO 8h,
Česká Lípa,14.537345,50.698044,C7EAFB,1,PM10 1h,2
Česká Lípa,14.537345,50.698044,FFFFFF,-1,O3 1h,
Česká Lípa,14.537345,50.698044,C7EAFB,-2,PM10 24h,15.4
Česká Lípa,14.537345,50.698044,FFFFFF,-1,PM2_5 1h,
Česká Lípa,14.537345,50.698044,C7EAFB,1,General,
Frýdlant,15.069817,50.940651,C7EAFB,1,SO2 1h,9.1
Frýdlant,15.069817,50.940651,FFFFFF,-1,NO2 1h,
Frýdlant,15.069817,50.940651,FFFFFF,-1,CO 8h,
Frýdlant,15.069817,50.940651,FFFFFF,-1,PM10 1h,
Frýdlant,15.069817,50.940651,FFF200,3,O3 1h,73
Frýdlant,15.069817,50.940651,FFFFFF,-1,PM10 24h,
Frýdlant,15.069817,50.940651,FFFFFF,-1,PM2_5 1h,
Frýdlant,15.069817,50.940651,C7EAFB,-1,General,
Liberec Rochlice,15.069967,50.7551,FFFFFF,0,SO2 1h,
Liberec Rochlice,15.069967,50.7551,FFFFFF,0,NO2 1h,
Liberec Rochlice,15.069967,50.7551,FFFFFF,-1,CO 8h,
Liberec Rochlice,15.069967,50.7551,C7EAFB,1,PM10 1h,17
Liberec Rochlice,15.069967,50.7551,9BD3AE,2,O3 1h,48.3
Liberec Rochlice,15.069967,50.7551,C7EAFB,-2,PM10 24h,16
Liberec Rochlice,15.069967,50.7551,C7EAFB,-2,PM2_5 1h,6
Liberec Rochlice,15.069967,50.7551,FFFFFF,0,General,
Souš,15.319683,50.789646,FFFFFF,-1,SO2 1h,
Souš,15.319683,50.789646,FFFFFF,-1,NO2 1h,
Souš,15.319683,50.789646,FFFFFF,-1,CO 8h,
Souš,15.319683,50.789646,FFFFFF,-1,PM10 1h,
Souš,15.319683,50.789646,9BD3AE,2,O3 1h,52.1
Souš,15.319683,50.789646,FFFFFF,-1,PM10 24h,
Souš,15.319683,50.789646,FFFFFF,-1,PM2_5 1h,
Souš,15.319683,50.789646,FFFFFF,-1,General,
Hradec Králové-Brněnská,15.846376,50.195362,FFFFFF,-1,SO2 1h,
Hradec Králové-Brněnská,15.846376,50.195362,FFF200,3,NO2 1h,52.2
Hradec Králové-Brněnská,15.846376,50.195362,C7EAFB,1,CO 8h,304
Hradec Králové-Brněnská,15.846376,50.195362,C7EAFB,1,PM10 1h,6
Hradec Králové-Brněnská,15.846376,50.195362,FFFFFF,-1,O3 1h,
Hradec Králové-Brněnská,15.846376,50.195362,C7EAFB,-2,PM10 24h,19.8
Hradec Králové-Brněnská,15.846376,50.195362,C7EAFB,-2,PM2_5 1h,7
Hradec Králové-Brněnská,15.846376,50.195362,FFF200,3,General,
Hradec Králové-observatoř,15.83839,50.177631,FFFFFF,-1,SO2 1h,
Hradec Králové-observatoř,15.83839,50.177631,FFFFFF,-1,NO2 1h,
Hradec Králové-observatoř,15.83839,50.177631,FFFFFF,-1,CO 8h,
Hradec Králové-observatoř,15.83839,50.177631,FFFFFF,-1,PM10 1h,
Hradec Králové-observatoř,15.83839,50.177631,FFFFFF,0,O3 1h,
Hradec Králové-observatoř,15.83839,50.177631,FFFFFF,-1,PM10 24h,
Hradec Králové-observatoř,15.83839,50.177631,FFFFFF,-1,PM2_5 1h,
Hradec Králové-observatoř,15.83839,50.177631,FFF200,-1,General,
Krkonoše-Rýchory,15.85009,50.660439,FFFFFF,-1,SO2 1h,
Krkonoše-Rýchory,15.85009,50.660439,FFFFFF,-1,NO2 1h,
Krkonoše-Rýchory,15.85009,50.660439,FFFFFF,-1,CO 8h,
Krkonoše-Rýchory,15.85009,50.660439,FFFFFF,-1,PM10 1h,
Krkonoše-Rýchory,15.85009,50.660439,FFF200,3,O3 1h,81.4
Krkonoše-Rýchory,15.85009,50.660439,FFFFFF,-1,PM10 24h,
Krkonoše-Rýchory,15.85009,50.660439,FFFFFF,-1,PM2_5 1h,
Krkonoše-Rýchory,15.85009,50.660439,FFF200,-1,General,
Polom,16.3225,50.350277,FFFFFF,-1,SO2 1h,
Polom,16.3225,50.350277,C7EAFB,1,NO2 1h,3.3
Polom,16.3225,50.350277,FFFFFF,-1,CO 8h,
Polom,16.3225,50.350277,C7EAFB,1,PM10 1h,19
Polom,16.3225,50.350277,FFF200,3,O3 1h,94
Polom,16.3225,50.350277,C7EAFB,-2,PM10 24h,10.8
Polom,16.3225,50.350277,FFFFFF,-1,PM2_5 1h,
Polom,16.3225,50.350277,FFF200,3,General,
Trutnov - Tkalcovská,15.903927,50.56588,FFFFFF,-1,SO2 1h,
Trutnov - Tkalcovská,15.903927,50.56588,FFFFFF,-1,NO2 1h,
Trutnov - Tkalcovská,15.903927,50.56588,FFFFFF,-1,CO 8h,
Trutnov - Tkalcovská,15.903927,50.56588,C7EAFB,1,PM10 1h,8
Trutnov - Tkalcovská,15.903927,50.56588,FFFFFF,-1,O3 1h,
Trutnov - Tkalcovská,15.903927,50.56588,C7EAFB,-2,PM10 24h,17.6
Trutnov - Tkalcovská,15.903927,50.56588,FFFFFF,-1,PM2_5 1h,
Trutnov - Tkalcovská,15.903927,50.56588,C7EAFB,1,General,
Moravská Třebová - Piaristická.,16.666721,49.758995,FFFFFF,-1,SO2 1h,
Moravská Třebová - Piaristická.,16.666721,49.758995,9BD3AE,2,NO2 1h,46.7
Moravská Třebová - Piaristická.,16.666721,49.758995,FFFFFF,-1,CO 8h,
Moravská Třebová - Piaristická.,16.666721,49.758995,9BD3AE,2,PM10 1h,22
Moravská Třebová - Piaristická.,16.666721,49.758995,FFFFFF,-1,O3 1h,
Moravská Třebová - Piaristická.,16.666721,49.758995,C7EAFB,-2,PM10 24h,24.1
Moravská Třebová - Piaristická.,16.666721,49.758995,C7EAFB,-2,PM2_5 1h,12
Moravská Třebová - Piaristická.,16.666721,49.758995,9BD3AE,2,General,
Pardubice-Rosice,15.739414,50.042198,C7EAFB,1,SO2 1h,3.5
Pardubice-Rosice,15.739414,50.042198,9BD3AE,2,NO2 1h,25.6
Pardubice-Rosice,15.739414,50.042198,FFFFFF,-1,CO 8h,
Pardubice-Rosice,15.739414,50.042198,FFFFFF,-1,PM10 1h,
Pardubice-Rosice,15.739414,50.042198,FFFFFF,-1,O3 1h,
Pardubice-Rosice,15.739414,50.042198,FFFFFF,-1,PM10 24h,
Pardubice-Rosice,15.739414,50.042198,FFFFFF,-1,PM2_5 1h,
Pardubice-Rosice,15.739414,50.042198,9BD3AE,-1,General,
Pardubice Dukla,15.763549,50.024036,C7EAFB,1,SO2 1h,4.3
Pardubice Dukla,15.763549,50.024036,FFFFFF,-1,NO2 1h,
Pardubice Dukla,15.763549,50.024036,FFFFFF,-1,CO 8h,
Pardubice Dukla,15.763549,50.024036,C7EAFB,1,PM10 1h,1
Pardubice Dukla,15.763549,50.024036,9BD3AE,2,O3 1h,61.2
Pardubice Dukla,15.763549,50.024036,C7EAFB,-2,PM10 24h,20.3
Pardubice Dukla,15.763549,50.024036,C7EAFB,-2,PM2_5 1h,2
Pardubice Dukla,15.763549,50.024036,9BD3AE,2,General,
Svratouch,16.034197,49.735085,FFFFFF,-1,SO2 1h,
Svratouch,16.034197,49.735085,FFFFFF,-1,NO2 1h,
Svratouch,16.034197,49.735085,FFFFFF,-1,CO 8h,
Svratouch,16.034197,49.735085,FFFFFF,-1,PM10 1h,
Svratouch,16.034197,49.735085,FFF200,3,O3 1h,87.2
Svratouch,16.034197,49.735085,FFFFFF,-1,PM10 24h,
Svratouch,16.034197,49.735085,FFFFFF,-1,PM2_5 1h,
Svratouch,16.034197,49.735085,9BD3AE,-1,General,
Havl.Brod-Smetan.nám.,15.579167,49.605556,FFFFFF,-1,SO2 1h,
Havl.Brod-Smetan.nám.,15.579167,49.605556,FFFFFF,-1,NO2 1h,
Havl.Brod-Smetan.nám.,15.579167,49.605556,FFFFFF,-1,CO 8h,
Havl.Brod-Smetan.nám.,15.579167,49.605556,C7EAFB,1,PM10 1h,19
Havl.Brod-Smetan.nám.,15.579167,49.605556,FFFFFF,-1,O3 1h,
Havl.Brod-Smetan.nám.,15.579167,49.605556,C7EAFB,-2,PM10 24h,19
Havl.Brod-Smetan.nám.,15.579167,49.605556,C7EAFB,-2,PM2_5 1h,11
Havl.Brod-Smetan.nám.,15.579167,49.605556,C7EAFB,1,General,
Jihlava,15.610246,49.401596,C7EAFB,1,SO2 1h,1.3
Jihlava,15.610246,49.401596,9BD3AE,2,NO2 1h,42.3
Jihlava,15.610246,49.401596,C7EAFB,1,CO 8h,309
Jihlava,15.610246,49.401596,C7EAFB,1,PM10 1h,14
Jihlava,15.610246,49.401596,C7EAFB,1,O3 1h,8.2
Jihlava,15.610246,49.401596,C7EAFB,-2,PM10 24h,16.5
Jihlava,15.610246,49.401596,C7EAFB,-2,PM2_5 1h,10
Jihlava,15.610246,49.401596,9BD3AE,2,General,
Jihlava-Znojemská,15.5925,49.393333,FFFFFF,-1,SO2 1h,
Jihlava-Znojemská,15.5925,49.393333,C7EAFB,1,NO2 1h,22.6
Jihlava-Znojemská,15.5925,49.393333,FFFFFF,-1,CO 8h,
Jihlava-Znojemská,15.5925,49.393333,9BD3AE,2,PM10 1h,28
Jihlava-Znojemská,15.5925,49.393333,FFFFFF,-1,O3 1h,
Jihlava-Znojemská,15.5925,49.393333,C7EAFB,-2,PM10 24h,32.1
Jihlava-Znojemská,15.5925,49.393333,C7EAFB,-2,PM2_5 1h,20
Jihlava-Znojemská,15.5925,49.393333,9BD3AE,2,General,
Kostelní Myslová,15.439048,49.159153,FFFFFF,-1,SO2 1h,
Kostelní Myslová,15.439048,49.159153,FFFFFF,-1,NO2 1h,
Kostelní Myslová,15.439048,49.159153,FFFFFF,-1,CO 8h,
Kostelní Myslová,15.439048,49.159153,FFFFFF,-1,PM10 1h,
Kostelní Myslová,15.439048,49.159153,FFF200,3,O3 1h,70.2
Kostelní Myslová,15.439048,49.159153,FFFFFF,-1,PM10 24h,
Kostelní Myslová,15.439048,49.159153,FFFFFF,-1,PM2_5 1h,
Kostelní Myslová,15.439048,49.159153,9BD3AE,-1,General,
Košetice,15.080278,49.573395,FFFFFF,0,SO2 1h,
Košetice,15.080278,49.573395,FFFFFF,0,NO2 1h,
Košetice,15.080278,49.573395,C7EAFB,1,CO 8h,163
Košetice,15.080278,49.573395,C7EAFB,1,PM10 1h,15
Košetice,15.080278,49.573395,FFF200,3,O3 1h,70
Košetice,15.080278,49.573395,C7EAFB,-2,PM10 24h,16.4
Košetice,15.080278,49.573395,C7EAFB,-2,PM2_5 1h,2
Košetice,15.080278,49.573395,FFFFFF,0,General,
Třebíč,15.865778,49.223438,FFFFFF,-1,SO2 1h,
Třebíč,15.865778,49.223438,FFFFFF,-1,NO2 1h,
Třebíč,15.865778,49.223438,FFFFFF,-1,CO 8h,
Třebíč,15.865778,49.223438,C7EAFB,1,PM10 1h,11
Třebíč,15.865778,49.223438,FFFFFF,-1,O3 1h,
Třebíč,15.865778,49.223438,C7EAFB,-2,PM10 24h,18.1
Třebíč,15.865778,49.223438,FFFFFF,-1,PM2_5 1h,
Třebíč,15.865778,49.223438,C7EAFB,1,General,
Ždár nad Sázavou,15.943056,49.559723,FFFFFF,-1,SO2 1h,
Ždár nad Sázavou,15.943056,49.559723,FFFFFF,-1,NO2 1h,
Ždár nad Sázavou,15.943056,49.559723,FFFFFF,-1,CO 8h,
Ždár nad Sázavou,15.943056,49.559723,C7EAFB,1,PM10 1h,19
Ždár nad Sázavou,15.943056,49.559723,FFFFFF,-1,O3 1h,
Ždár nad Sázavou,15.943056,49.559723,C7EAFB,-2,PM10 24h,28.2
Ždár nad Sázavou,15.943056,49.559723,C7EAFB,-2,PM2_5 1h,14
Ždár nad Sázavou,15.943056,49.559723,C7EAFB,1,General,
Brno - Dětská nemocnice,16.616287,49.202724,FFFFFF,-1,SO2 1h,
Brno - Dětská nemocnice,16.616287,49.202724,C7EAFB,1,NO2 1h,10.5
Brno - Dětská nemocnice,16.616287,49.202724,FFFFFF,-1,CO 8h,
Brno - Dětská nemocnice,16.616287,49.202724,C7EAFB,1,PM10 1h,8
Brno - Dětská nemocnice,16.616287,49.202724,FFF200,3,O3 1h,76.6
Brno - Dětská nemocnice,16.616287,49.202724,C7EAFB,-2,PM10 24h,22.3
Brno - Dětská nemocnice,16.616287,49.202724,C7EAFB,-2,PM2_5 1h,6
Brno - Dětská nemocnice,16.616287,49.202724,FFF200,3,General,
Brno-Arboretum,16.613836,49.216087,FFFFFF,-1,SO2 1h,
Brno-Arboretum,16.613836,49.216087,C7EAFB,1,NO2 1h,11.1
Brno-Arboretum,16.613836,49.216087,FFFFFF,-1,CO 8h,
Brno-Arboretum,16.613836,49.216087,C7EAFB,1,PM10 1h,15.9
Brno-Arboretum,16.613836,49.216087,FFFFFF,-1,O3 1h,
Brno-Arboretum,16.613836,49.216087,C7EAFB,-2,PM10 24h,23.7
Brno-Arboretum,16.613836,49.216087,FFFFFF,-1,PM2_5 1h,
Brno-Arboretum,16.613836,49.216087,C7EAFB,1,General,
Brno-Lány,16.580812,49.16526,C7EAFB,1,SO2 1h,8
Brno-Lány,16.580812,49.16526,C7EAFB,1,NO2 1h,8
Brno-Lány,16.580812,49.16526,C7EAFB,1,CO 8h,233
Brno-Lány,16.580812,49.16526,C7EAFB,1,PM10 1h,18.8
Brno-Lány,16.580812,49.16526,9BD3AE,2,O3 1h,46.5
Brno-Lány,16.580812,49.16526,C7EAFB,-2,PM10 24h,20.6
Brno-Lány,16.580812,49.16526,C7EAFB,-2,PM2_5 1h,12
Brno-Lány,16.580812,49.16526,9BD3AE,2,General,
Brno-Svatoplukova,16.642517,49.20816,FFFFFF,-1,SO2 1h,
Brno-Svatoplukova,16.642517,49.20816,C7EAFB,1,NO2 1h,23
Brno-Svatoplukova,16.642517,49.20816,FFFFFF,-1,CO 8h,
Brno-Svatoplukova,16.642517,49.20816,C7EAFB,1,PM10 1h,18.2
Brno-Svatoplukova,16.642517,49.20816,FFFFFF,-1,O3 1h,
Brno-Svatoplukova,16.642517,49.20816,C7EAFB,-2,PM10 24h,24.9
Brno-Svatoplukova,16.642517,49.20816,C7EAFB,-2,PM2_5 1h,11.6
Brno-Svatoplukova,16.642517,49.20816,C7EAFB,1,General,
Brno-Výstaviště,16.569538,49.189621,FFFFFF,-1,SO2 1h,
Brno-Výstaviště,16.569538,49.189621,9BD3AE,2,NO2 1h,25.8
Brno-Výstaviště,16.569538,49.189621,FFFFFF,-1,CO 8h,
Brno-Výstaviště,16.569538,49.189621,9BD3AE,2,PM10 1h,28.4
Brno-Výstaviště,16.569538,49.189621,FFFFFF,-1,O3 1h,
Brno-Výstaviště,16.569538,49.189621,C7EAFB,-2,PM10 24h,27.6
Brno-Výstaviště,16.569538,49.189621,FFFFFF,-1,PM2_5 1h,
Brno-Výstaviště,16.569538,49.189621,9BD3AE,2,General,
Brno-Zvonařka,16.613661,49.185883,FFFFFF,-1,SO2 1h,
Brno-Zvonařka,16.613661,49.185883,C7EAFB,1,NO2 1h,13.4
Brno-Zvonařka,16.613661,49.185883,C7EAFB,1,CO 8h,248
Brno-Zvonařka,16.613661,49.185883,C7EAFB,1,PM10 1h,17.1
Brno-Zvonařka,16.613661,49.185883,FFF200,3,O3 1h,96.2
Brno-Zvonařka,16.613661,49.185883,C7EAFB,-2,PM10 24h,30.2
Brno-Zvonařka,16.613661,49.185883,C7EAFB,-2,PM2_5 1h,10.4
Brno-Zvonařka,16.613661,49.185883,FFF200,3,General,
Brno-Masná,16.626944,49.188889,FFFFFF,-1,SO2 1h,
Brno-Masná,16.626944,49.188889,C7EAFB,1,NO2 1h,12.2
Brno-Masná,16.626944,49.188889,FFFFFF,-1,CO 8h,
Brno-Masná,16.626944,49.188889,C7EAFB,1,PM10 1h,13
Brno-Masná,16.626944,49.188889,FFFFFF,-1,O3 1h,
Brno-Masná,16.626944,49.188889,C7EAFB,-2,PM10 24h,22.2
Brno-Masná,16.626944,49.188889,C7EAFB,-2,PM2_5 1h,9
Brno-Masná,16.626944,49.188889,C7EAFB,1,General,
Brno-Líšeň,16.678024,49.213211,FFFFFF,-1,SO2 1h,
Brno-Líšeň,16.678024,49.213211,FFFFFF,-1,NO2 1h,
Brno-Líšeň,16.678024,49.213211,FFFFFF,-1,CO 8h,
Brno-Líšeň,16.678024,49.213211,C7EAFB,1,PM10 1h,10
Brno-Líšeň,16.678024,49.213211,FFFFFF,-1,O3 1h,
Brno-Líšeň,16.678024,49.213211,C7EAFB,-2,PM10 24h,19.1
Brno-Líšeň,16.678024,49.213211,C7EAFB,-2,PM2_5 1h,3
Brno-Líšeň,16.678024,49.213211,C7EAFB,1,General,
Brno-Úvoz (hot spot),16.593643,49.19809,FFFFFF,-1,SO2 1h,
Brno-Úvoz (hot spot),16.593643,49.19809,9BD3AE,2,NO2 1h,29.1
Brno-Úvoz (hot spot),16.593643,49.19809,C7EAFB,1,CO 8h,383
Brno-Úvoz (hot spot),16.593643,49.19809,C7EAFB,1,PM10 1h,12
Brno-Úvoz (hot spot),16.593643,49.19809,FFFFFF,-1,O3 1h,
Brno-Úvoz (hot spot),16.593643,49.19809,C7EAFB,-2,PM10 24h,16.8
Brno-Úvoz (hot spot),16.593643,49.19809,C7EAFB,-2,PM2_5 1h,6
Brno-Úvoz (hot spot),16.593643,49.19809,9BD3AE,2,General,
Brno-Tuřany,16.696217,49.148972,C7EAFB,1,SO2 1h,1.3
Brno-Tuřany,16.696217,49.148972,C7EAFB,1,NO2 1h,7.1
Brno-Tuřany,16.696217,49.148972,FFFFFF,-1,CO 8h,
Brno-Tuřany,16.696217,49.148972,C7EAFB,1,PM10 1h,1
Brno-Tuřany,16.696217,49.148972,9BD3AE,2,O3 1h,57.1
Brno-Tuřany,16.696217,49.148972,C7EAFB,-2,PM10 24h,15.9
Brno-Tuřany,16.696217,49.148972,C7EAFB,-2,PM2_5 1h,5
Brno-Tuřany,16.696217,49.148972,9BD3AE,2,General,
Hodonín,17.133333,48.857224,FFFFFF,-1,SO2 1h,
Hodonín,17.133333,48.857224,FFFFFF,-1,NO2 1h,
Hodonín,17.133333,48.857224,FFFFFF,-1,CO 8h,
Hodonín,17.133333,48.857224,FFFFFF,0,PM10 1h,
Hodonín,17.133333,48.857224,FFFFFF,-1,O3 1h,
Hodonín,17.133333,48.857224,C7EAFB,-2,PM10 24h,
Hodonín,17.133333,48.857224,C7EAFB,-2,PM2_5 1h,
Hodonín,17.133333,48.857224,FFFFFF,0,General,
Kuchařovice,16.085817,48.881355,FFFFFF,-1,SO2 1h,
Kuchařovice,16.085817,48.881355,FFFFFF,-1,NO2 1h,
Kuchařovice,16.085817,48.881355,FFFFFF,-1,CO 8h,
Kuchařovice,16.085817,48.881355,FFFFFF,-1,PM10 1h,
Kuchařovice,16.085817,48.881355,FFF200,3,O3 1h,69.2
Kuchařovice,16.085817,48.881355,FFFFFF,-1,PM10 24h,
Kuchařovice,16.085817,48.881355,FFFFFF,-1,PM2_5 1h,
Kuchařovice,16.085817,48.881355,FFFFFF,-1,General,
Mikulov-Sedlec,16.724497,48.791767,C7EAFB,1,SO2 1h,4
Mikulov-Sedlec,16.724497,48.791767,C7EAFB,1,NO2 1h,5.2
Mikulov-Sedlec,16.724497,48.791767,FFFFFF,-1,CO 8h,
Mikulov-Sedlec,16.724497,48.791767,C7EAFB,1,PM10 1h,3
Mikulov-Sedlec,16.724497,48.791767,FFF200,3,O3 1h,75.4
Mikulov-Sedlec,16.724497,48.791767,C7EAFB,-2,PM10 24h,18.5
Mikulov-Sedlec,16.724497,48.791767,C7EAFB,-2,PM2_5 1h,13
Mikulov-Sedlec,16.724497,48.791767,FFF200,3,General,
Sivice,16.778324,49.208424,C7EAFB,1,SO2 1h,1.3
Sivice,16.778324,49.208424,C7EAFB,1,NO2 1h,9.8
Sivice,16.778324,49.208424,FFFFFF,-1,CO 8h,
Sivice,16.778324,49.208424,C7EAFB,1,PM10 1h,13
Sivice,16.778324,49.208424,FFFFFF,-1,O3 1h,
Sivice,16.778324,49.208424,C7EAFB,-2,PM10 24h,19
Sivice,16.778324,49.208424,C7EAFB,-2,PM2_5 1h,8
Sivice,16.778324,49.208424,C7EAFB,1,General,
Mokrá,16.75456,49.216694,FFFFFF,-1,SO2 1h,
Mokrá,16.75456,49.216694,FFFFFF,-1,NO2 1h,
Mokrá,16.75456,49.216694,FFFFFF,-1,CO 8h,
Mokrá,16.75456,49.216694,C7EAFB,1,PM10 1h,18
Mokrá,16.75456,49.216694,FFFFFF,-1,O3 1h,
Mokrá,16.75456,49.216694,C7EAFB,-2,PM10 24h,
Mokrá,16.75456,49.216694,C7EAFB,-2,PM2_5 1h,11
Mokrá,16.75456,49.216694,C7EAFB,1,General,
Znojmo,16.060127,48.842957,FFFFFF,-1,SO2 1h,
Znojmo,16.060127,48.842957,C7EAFB,1,NO2 1h,12.4
Znojmo,16.060127,48.842957,FFFFFF,-1,CO 8h,
Znojmo,16.060127,48.842957,C7EAFB,1,PM10 1h,8
Znojmo,16.060127,48.842957,FFFFFF,-1,O3 1h,
Znojmo,16.060127,48.842957,C7EAFB,-2,PM10 24h,16.7
Znojmo,16.060127,48.842957,C7EAFB,-2,PM2_5 1h,3
Znojmo,16.060127,48.842957,C7EAFB,1,General,
Bělotín,17.80422,49.587082,FFFFFF,-1,SO2 1h,
Bělotín,17.80422,49.587082,FFFFFF,-1,NO2 1h,
Bělotín,17.80422,49.587082,FFFFFF,-1,CO 8h,
Bělotín,17.80422,49.587082,C7EAFB,1,PM10 1h,19
Bělotín,17.80422,49.587082,FFFFFF,-1,O3 1h,
Bělotín,17.80422,49.587082,C7EAFB,-2,PM10 24h,18.6
Bělotín,17.80422,49.587082,C7EAFB,-2,PM2_5 1h,8
Bělotín,17.80422,49.587082,C7EAFB,1,General,
Jeseník-lázně,17.19018,50.242241,C7EAFB,1,SO2 1h,1.3
Jeseník-lázně,17.19018,50.242241,C7EAFB,1,NO2 1h,2.3
Jeseník-lázně,17.19018,50.242241,FFFFFF,-1,CO 8h,
Jeseník-lázně,17.19018,50.242241,C7EAFB,1,PM10 1h,12
Jeseník-lázně,17.19018,50.242241,FFFFFF,0,O3 1h,
Jeseník-lázně,17.19018,50.242241,C7EAFB,-2,PM10 24h,12.5
Jeseník-lázně,17.19018,50.242241,FFFFFF,-1,PM2_5 1h,
Jeseník-lázně,17.19018,50.242241,FFFFFF,0,General,
Olomouc-Hejčín,17.238073,49.601463,FFFFFF,-1,SO2 1h,
Olomouc-Hejčín,17.238073,49.601463,C7EAFB,1,NO2 1h,18.4
Olomouc-Hejčín,17.238073,49.601463,FFFFFF,-1,CO 8h,
Olomouc-Hejčín,17.238073,49.601463,C7EAFB,1,PM10 1h,4
Olomouc-Hejčín,17.238073,49.601463,FFFFFF,-1,O3 1h,
Olomouc-Hejčín,17.238073,49.601463,C7EAFB,-2,PM10 24h,22.7
Olomouc-Hejčín,17.238073,49.601463,C7EAFB,-2,PM2_5 1h,7
Olomouc-Hejčín,17.238073,49.601463,C7EAFB,1,General,
Olomouc-Šmeralova,17.266094,49.592865,FFFFFF,-1,SO2 1h,
Olomouc-Šmeralova,17.266094,49.592865,FFFFFF,-1,NO2 1h,
Olomouc-Šmeralova,17.266094,49.592865,FFFFFF,-1,CO 8h,
Olomouc-Šmeralova,17.266094,49.592865,C7EAFB,1,PM10 1h,14
Olomouc-Šmeralova,17.266094,49.592865,FFFFFF,-1,O3 1h,
Olomouc-Šmeralova,17.266094,49.592865,C7EAFB,-2,PM10 24h,23.6
Olomouc-Šmeralova,17.266094,49.592865,C7EAFB,-2,PM2_5 1h,8
Olomouc-Šmeralova,17.266094,49.592865,C7EAFB,1,General,
Přerov,17.454159,49.451656,C7EAFB,1,SO2 1h,1.3
Přerov,17.454159,49.451656,FFFFFF,-1,NO2 1h,
Přerov,17.454159,49.451656,FFFFFF,-1,CO 8h,
Přerov,17.454159,49.451656,C7EAFB,1,PM10 1h,12
Přerov,17.454159,49.451656,FFF200,3,O3 1h,81.6
Přerov,17.454159,49.451656,C7EAFB,-2,PM10 24h,23.7
Přerov,17.454159,49.451656,C7EAFB,-2,PM2_5 1h,10
Přerov,17.454159,49.451656,FFF200,3,General,
Prostějov,17.114725,49.467857,FFFFFF,-1,SO2 1h,
Prostějov,17.114725,49.467857,FFFFFF,-1,NO2 1h,
Prostějov,17.114725,49.467857,FFFFFF,-1,CO 8h,
Prostějov,17.114725,49.467857,9BD3AE,2,PM10 1h,21
Prostějov,17.114725,49.467857,FFFFFF,-1,O3 1h,
Prostějov,17.114725,49.467857,C7EAFB,-2,PM10 24h,18.8
Prostějov,17.114725,49.467857,FFFFFF,-1,PM2_5 1h,
Prostějov,17.114725,49.467857,9BD3AE,2,General,
Otrokovice-město,17.534742,49.208912,FFFFFF,-1,SO2 1h,
Otrokovice-město,17.534742,49.208912,FFFFFF,0,NO2 1h,
Otrokovice-město,17.534742,49.208912,C7EAFB,1,CO 8h,123
Otrokovice-město,17.534742,49.208912,FFFFFF,0,PM10 1h,
Otrokovice-město,17.534742,49.208912,FFFFFF,-1,O3 1h,
Otrokovice-město,17.534742,49.208912,C7EAFB,-2,PM10 24h,24.5
Otrokovice-město,17.534742,49.208912,FFFFFF,-1,PM2_5 1h,
Otrokovice-město,17.534742,49.208912,FFFFFF,0,General,
Štítná n.Vláří,18.007828,49.047817,FFFFFF,-1,SO2 1h,
Štítná n.Vláří,18.007828,49.047817,FFFFFF,-1,NO2 1h,
Štítná n.Vláří,18.007828,49.047817,FFFFFF,-1,CO 8h,
Štítná n.Vláří,18.007828,49.047817,FFFFFF,-1,PM10 1h,
Štítná n.Vláří,18.007828,49.047817,FFFFFF,0,O3 1h,
Štítná n.Vláří,18.007828,49.047817,FFFFFF,-1,PM10 24h,
Štítná n.Vláří,18.007828,49.047817,FFFFFF,-1,PM2_5 1h,
Štítná n.Vláří,18.007828,49.047817,FFFFFF,-1,General,
Těšnovice,17.410561,49.259392,C7EAFB,1,SO2 1h,2.7
Těšnovice,17.410561,49.259392,C7EAFB,1,NO2 1h,7.7
Těšnovice,17.410561,49.259392,FFFFFF,-1,CO 8h,
Těšnovice,17.410561,49.259392,C7EAFB,1,PM10 1h,10
Těšnovice,17.410561,49.259392,FFF200,3,O3 1h,77.4
Těšnovice,17.410561,49.259392,C7EAFB,-2,PM10 24h,11.2
Těšnovice,17.410561,49.259392,C7EAFB,-2,PM2_5 1h,5
Těšnovice,17.410561,49.259392,FFF200,3,General,
Uherské Hradiště,17.466848,49.067951,FFFFFF,-1,SO2 1h,
Uherské Hradiště,17.466848,49.067951,C7EAFB,1,NO2 1h,21.6
Uherské Hradiště,17.466848,49.067951,C7EAFB,1,CO 8h,305
Uherské Hradiště,17.466848,49.067951,C7EAFB,1,PM10 1h,17
Uherské Hradiště,17.466848,49.067951,FFFFFF,-1,O3 1h,
Uherské Hradiště,17.466848,49.067951,C7EAFB,-2,PM10 24h,20.6
Uherské Hradiště,17.466848,49.067951,FFFFFF,-1,PM2_5 1h,
Uherské Hradiště,17.466848,49.067951,C7EAFB,1,General,
Valašské Meziříčí,17.966976,49.472057,FFFFFF,-1,SO2 1h,
Valašské Meziříčí,17.966976,49.472057,FFFFFF,-1,NO2 1h,
Valašské Meziříčí,17.966976,49.472057,FFFFFF,-1,CO 8h,
Valašské Meziříčí,17.966976,49.472057,C7EAFB,1,PM10 1h,16
Valašské Meziříčí,17.966976,49.472057,FFFFFF,-1,O3 1h,
Valašské Meziříčí,17.966976,49.472057,C7EAFB,-2,PM10 24h,20.4
Valašské Meziříčí,17.966976,49.472057,C7EAFB,-2,PM2_5 1h,8
Valašské Meziříčí,17.966976,49.472057,C7EAFB,1,General,
Zlín,17.667175,49.232906,C7EAFB,1,SO2 1h,5.9
Zlín,17.667175,49.232906,C7EAFB,1,NO2 1h,8.8
Zlín,17.667175,49.232906,FFFFFF,-1,CO 8h,
Zlín,17.667175,49.232906,C7EAFB,1,PM10 1h,19
Zlín,17.667175,49.232906,FFF200,3,O3 1h,78
Zlín,17.667175,49.232906,C7EAFB,-2,PM10 24h,16.9
Zlín,17.667175,49.232906,C7EAFB,-2,PM2_5 1h,15
Zlín,17.667175,49.232906,FFF200,3,General,
Bílovec,18.023638,49.759598,C7EAFB,1,SO2 1h,5.6
Bílovec,18.023638,49.759598,C7EAFB,1,NO2 1h,4
Bílovec,18.023638,49.759598,C7EAFB,1,CO 8h,358
Bílovec,18.023638,49.759598,C7EAFB,1,PM10 1h,12
Bílovec,18.023638,49.759598,FFF200,3,O3 1h,84.6
Bílovec,18.023638,49.759598,C7EAFB,-2,PM10 24h,18.9
Bílovec,18.023638,49.759598,FFFFFF,-1,PM2_5 1h,
Bílovec,18.023638,49.759598,FFF200,3,General,
Bílý Kříž,18.538561,49.502609,C7EAFB,1,SO2 1h,13.6
Bílý Kříž,18.538561,49.502609,C7EAFB,1,NO2 1h,9.8
Bílý Kříž,18.538561,49.502609,FFFFFF,-1,CO 8h,
Bílý Kříž,18.538561,49.502609,FFFFFF,-1,PM10 1h,
Bílý Kříž,18.538561,49.502609,FFF200,3,O3 1h,81.8
Bílý Kříž,18.538561,49.502609,FFFFFF,-1,PM10 24h,
Bílý Kříž,18.538561,49.502609,FFFFFF,-1,PM2_5 1h,
Bílý Kříž,18.538561,49.502609,FFF200,-1,General,
Bohumín,18.375931,49.903965,FFF200,3,SO2 1h,75.9
Bohumín,18.375931,49.903965,9BD3AE,2,NO2 1h,28.1
Bohumín,18.375931,49.903965,C7EAFB,1,CO 8h,323
Bohumín,18.375931,49.903965,ED1C24,5,PM10 1h,106
Bohumín,18.375931,49.903965,9BD3AE,2,O3 1h,48.5
Bohumín,18.375931,49.903965,C7EAFB,-2,PM10 24h,
Bohumín,18.375931,49.903965,FFFFFF,-1,PM2_5 1h,
Bohumín,18.375931,49.903965,ED1C24,5,General,
Červená hora,17.541946,49.777142,FFFFFF,-1,SO2 1h,
Červená hora,17.541946,49.777142,C7EAFB,1,NO2 1h,3.4
Červená hora,17.541946,49.777142,FFFFFF,-1,CO 8h,
Červená hora,17.541946,49.777142,FFFFFF,-1,PM10 1h,
Červená hora,17.541946,49.777142,FFF200,3,O3 1h,86.4
Červená hora,17.541946,49.777142,FFFFFF,-1,PM10 24h,
Červená hora,17.541946,49.777142,FFFFFF,-1,PM2_5 1h,
Červená hora,17.541946,49.777142,ED1C24,-1,General,
Český Těšín,18.609726,49.748959,FFFFFF,0,SO2 1h,
Český Těšín,18.609726,49.748959,FFFFFF,0,NO2 1h,
Český Těšín,18.609726,49.748959,FFFFFF,-1,CO 8h,
Český Těšín,18.609726,49.748959,9BD3AE,2,PM10 1h,31
Český Těšín,18.609726,49.748959,FFFFFF,-1,O3 1h,
Český Těšín,18.609726,49.748959,C7EAFB,-2,PM10 24h,29.2
Český Těšín,18.609726,49.748959,C7EAFB,-2,PM2_5 1h,12
Český Těšín,18.609726,49.748959,FFFFFF,0,General,
Frýdek-Místek,18.35107,49.671791,FFFFFF,-1,SO2 1h,
Frýdek-Místek,18.35107,49.671791,C7EAFB,1,NO2 1h,21.6
Frýdek-Místek,18.35107,49.671791,FFFFFF,-1,CO 8h,
Frýdek-Místek,18.35107,49.671791,FFF200,3,PM10 1h,41
Frýdek-Místek,18.35107,49.671791,FFFFFF,-1,O3 1h,
Frýdek-Místek,18.35107,49.671791,C7EAFB,-2,PM10 24h,19.1
Frýdek-Místek,18.35107,49.671791,C7EAFB,-2,PM2_5 1h,25
Frýdek-Místek,18.35107,49.671791,FFF200,3,General,
Havířov,18.406836,49.790977,FFFFFF,-1,SO2 1h,
Havířov,18.406836,49.790977,FFFFFF,-1,NO2 1h,
Havířov,18.406836,49.790977,FFFFFF,-1,CO 8h,
Havířov,18.406836,49.790977,C7EAFB,1,PM10 1h,15
Havířov,18.406836,49.790977,FFFFFF,-1,O3 1h,
Havířov,18.406836,49.790977,C7EAFB,-2,PM10 24h,20.8
Havířov,18.406836,49.790977,C7EAFB,-2,PM2_5 1h,9
Havířov,18.406836,49.790977,C7EAFB,1,General,
Karviná-ZÚ,18.557777,49.858891,FFFFFF,-1,SO2 1h,
Karviná-ZÚ,18.557777,49.858891,C7EAFB,1,NO2 1h,23.3
Karviná-ZÚ,18.557777,49.858891,FFFFFF,-1,CO 8h,
Karviná-ZÚ,18.557777,49.858891,FFF200,3,PM10 1h,41
Karviná-ZÚ,18.557777,49.858891,FFFFFF,-1,O3 1h,
Karviná-ZÚ,18.557777,49.858891,C7EAFB,-2,PM10 24h,23.7
Karviná-ZÚ,18.557777,49.858891,C7EAFB,-2,PM2_5 1h,34
Karviná-ZÚ,18.557777,49.858891,FFF200,3,General,
Karviná,18.551453,49.863796,C7EAFB,1,SO2 1h,8.5
Karviná,18.551453,49.863796,C7EAFB,1,NO2 1h,15.3
Karviná,18.551453,49.863796,FFFFFF,-1,CO 8h,
Karviná,18.551453,49.863796,9BD3AE,2,PM10 1h,33
Karviná,18.551453,49.863796,FFF200,3,O3 1h,79
Karviná,18.551453,49.863796,C7EAFB,-2,PM10 24h,22.4
Karviná,18.551453,49.863796,C7EAFB,-2,PM2_5 1h,26
Karviná,18.551453,49.863796,FFF200,3,General,
Ostrava-Českobratrská (hot spot),18.289976,49.839848,FFFFFF,-1,SO2 1h,
Ostrava-Českobratrská (hot spot),18.289976,49.839848,9BD3AE,2,NO2 1h,40.6
Ostrava-Českobratrská (hot spot),18.289976,49.839848,C7EAFB,1,CO 8h,172
Ostrava-Českobratrská (hot spot),18.289976,49.839848,FFF200,3,PM10 1h,51
Ostrava-Českobratrská (hot spot),18.289976,49.839848,FFFFFF,-1,O3 1h,
Ostrava-Českobratrská (hot spot),18.289976,49.839848,C7EAFB,-2,PM10 24h,26.1
Ostrava-Českobratrská (hot spot),18.289976,49.839848,C7EAFB,-2,PM2_5 1h,41
Ostrava-Českobratrská (hot spot),18.289976,49.839848,FFF200,3,General,
Ostrava-Fifejdy,18.263689,49.839188,C7EAFB,1,SO2 1h,14.1
Ostrava-Fifejdy,18.263689,49.839188,9BD3AE,2,NO2 1h,30.8
Ostrava-Fifejdy,18.263689,49.839188,FFFFFF,-1,CO 8h,
Ostrava-Fifejdy,18.263689,49.839188,C7EAFB,1,PM10 1h,10
Ostrava-Fifejdy,18.263689,49.839188,9BD3AE,2,O3 1h,54.7
Ostrava-Fifejdy,18.263689,49.839188,C7EAFB,-2,PM10 24h,19.4
Ostrava-Fifejdy,18.263689,49.839188,FFFFFF,-1,PM2_5 1h,
Ostrava-Fifejdy,18.263689,49.839188,9BD3AE,2,General,
Ostrava-Mariánské Hory,18.263655,49.82486,C7EAFB,1,SO2 1h,11.7
Ostrava-Mariánské Hory,18.263655,49.82486,9BD3AE,2,NO2 1h,28.3
Ostrava-Mariánské Hory,18.263655,49.82486,C7EAFB,1,CO 8h,317
Ostrava-Mariánské Hory,18.263655,49.82486,FFF200,3,PM10 1h,54
Ostrava-Mariánské Hory,18.263655,49.82486,9BD3AE,2,O3 1h,52.1
Ostrava-Mariánské Hory,18.263655,49.82486,C7EAFB,-2,PM10 24h,20.5
Ostrava-Mariánské Hory,18.263655,49.82486,FFFFFF,-1,PM2_5 1h,
Ostrava-Mariánské Hory,18.263655,49.82486,FFF200,3,General,
Ostrava-Poruba DD,18.165279,49.835506,FFFFFF,-1,SO2 1h,
Ostrava-Poruba DD,18.165279,49.835506,C7EAFB,1,NO2 1h,4
Ostrava-Poruba DD,18.165279,49.835506,FFFFFF,-1,CO 8h,
Ostrava-Poruba DD,18.165279,49.835506,9BD3AE,2,PM10 1h,30
Ostrava-Poruba DD,18.165279,49.835506,FFFFFF,-1,O3 1h,
Ostrava-Poruba DD,18.165279,49.835506,C7EAFB,-2,PM10 24h,31.5
Ostrava-Poruba DD,18.165279,49.835506,FFFFFF,-1,PM2_5 1h,
Ostrava-Poruba DD,18.165279,49.835506,9BD3AE,2,General,
Ostrava-Poruba/ČHMÚ,18.159275,49.825294,C7EAFB,1,SO2 1h,1.3
Ostrava-Poruba/ČHMÚ,18.159275,49.825294,C7EAFB,1,NO2 1h,14.7
Ostrava-Poruba/ČHMÚ,18.159275,49.825294,FFFFFF,-1,CO 8h,
Ostrava-Poruba/ČHMÚ,18.159275,49.825294,FFFFFF,-1,PM10 1h,
Ostrava-Poruba/ČHMÚ,18.159275,49.825294,FFFFFF,-1,O3 1h,
Ostrava-Poruba/ČHMÚ,18.159275,49.825294,FFFFFF,-1,PM10 24h,
Ostrava-Poruba/ČHMÚ,18.159275,49.825294,FFFFFF,-1,PM2_5 1h,
Ostrava-Poruba/ČHMÚ,18.159275,49.825294,9BD3AE,-1,General,
Ostrava-Přívoz,18.269741,49.856258,C7EAFB,1,SO2 1h,15.4
Ostrava-Přívoz,18.269741,49.856258,9BD3AE,2,NO2 1h,25.6
Ostrava-Přívoz,18.269741,49.856258,C7EAFB,1,CO 8h,141
Ostrava-Přívoz,18.269741,49.856258,9BD3AE,2,PM10 1h,23
Ostrava-Přívoz,18.269741,49.856258,FFFFFF,-1,O3 1h,
Ostrava-Přívoz,18.269741,49.856258,C7EAFB,-2,PM10 24h,25.4
Ostrava-Přívoz,18.269741,49.856258,C7EAFB,-2,PM2_5 1h,13
Ostrava-Přívoz,18.269741,49.856258,9BD3AE,2,General,
Ostrava-Radvanice ZÚ,18.339138,49.807056,C7EAFB,1,SO2 1h,5.6
Ostrava-Radvanice ZÚ,18.339138,49.807056,C7EAFB,1,NO2 1h,24.5
Ostrava-Radvanice ZÚ,18.339138,49.807056,C7EAFB,1,CO 8h,393
Ostrava-Radvanice ZÚ,18.339138,49.807056,FFF200,3,PM10 1h,59
Ostrava-Radvanice ZÚ,18.339138,49.807056,FFFFFF,0,O3 1h,
Ostrava-Radvanice ZÚ,18.339138,49.807056,C7EAFB,-2,PM10 24h,33.3
Ostrava-Radvanice ZÚ,18.339138,49.807056,C7EAFB,-2,PM2_5 1h,49
Ostrava-Radvanice ZÚ,18.339138,49.807056,FFFFFF,0,General,
Ostrava Radvanice OZO,18.340343,49.818539,C7EAFB,1,SO2 1h,5.6
Ostrava Radvanice OZO,18.340343,49.818539,C7EAFB,1,NO2 1h,19.9
Ostrava Radvanice OZO,18.340343,49.818539,FFFFFF,-1,CO 8h,
Ostrava Radvanice OZO,18.340343,49.818539,ED1C24,5,PM10 1h,98
Ostrava Radvanice OZO,18.340343,49.818539,9BD3AE,2,O3 1h,58.1
Ostrava Radvanice OZO,18.340343,49.818539,C7EAFB,-2,PM10 24h,35
Ostrava Radvanice OZO,18.340343,49.818539,FFFFFF,-1,PM2_5 1h,
Ostrava Radvanice OZO,18.340343,49.818539,ED1C24,5,General,
Orlová,18.433607,49.87566,FFFFFF,-1,SO2 1h,
Orlová,18.433607,49.87566,FFFFFF,-1,NO2 1h,
Orlová,18.433607,49.87566,FFFFFF,-1,CO 8h,
Orlová,18.433607,49.87566,FFF200,3,PM10 1h,57
Orlová,18.433607,49.87566,FFFFFF,-1,O3 1h,
Orlová,18.433607,49.87566,C7EAFB,-2,PM10 24h,26.4
Orlová,18.433607,49.87566,FFFFFF,-1,PM2_5 1h,
Orlová,18.433607,49.87566,FFF200,3,General,
Opava-Kateřinky,17.909531,49.944988,FFFFFF,-1,SO2 1h,
Opava-Kateřinky,17.909531,49.944988,C7EAFB,1,NO2 1h,17.2
Opava-Kateřinky,17.909531,49.944988,FFFFFF,-1,CO 8h,
Opava-Kateřinky,17.909531,49.944988,9BD3AE,2,PM10 1h,27
Opava-Kateřinky,17.909531,49.944988,9BD3AE,2,O3 1h,39.7
Opava-Kateřinky,17.909531,49.944988,C7EAFB,-2,PM10 24h,15.6
Opava-Kateřinky,17.909531,49.944988,C7EAFB,-2,PM2_5 1h,18
Opava-Kateřinky,17.909531,49.944988,9BD3AE,2,General,
Ostrava-Zábřeh,18.247181,49.79604,C7EAFB,1,SO2 1h,11.5
Ostrava-Zábřeh,18.247181,49.79604,9BD3AE,2,NO2 1h,31.8
Ostrava-Zábřeh,18.247181,49.79604,FFFFFF,-1,CO 8h,
Ostrava-Zábřeh,18.247181,49.79604,C7EAFB,1,PM10 1h,18
Ostrava-Zábřeh,18.247181,49.79604,FFFFFF,-1,O3 1h,
Ostrava-Zábřeh,18.247181,49.79604,C7EAFB,-2,PM10 24h,17.1
Ostrava-Zábřeh,18.247181,49.79604,C7EAFB,-2,PM2_5 1h,8
Ostrava-Zábřeh,18.247181,49.79604,9BD3AE,2,General,
Rychvald,18.377254,49.87167,FFFFFF,0,SO2 1h,
Rychvald,18.377254,49.87167,FFFFFF,0,NO2 1h,
Rychvald,18.377254,49.87167,FFFFFF,-1,CO 8h,
Rychvald,18.377254,49.87167,FFF200,3,PM10 1h,51
Rychvald,18.377254,49.87167,FFFFFF,-1,O3 1h,
Rychvald,18.377254,49.87167,C7EAFB,-2,PM10 24h,22.1
Rychvald,18.377254,49.87167,C7EAFB,-2,PM2_5 1h,26
Rychvald,18.377254,49.87167,FFFFFF,0,General,
Studénka,18.089306,49.720936,C7EAFB,1,SO2 1h,1.3
Studénka,18.089306,49.720936,FFF200,3,NO2 1h,50.3
Studénka,18.089306,49.720936,FFFFFF,-1,CO 8h,
Studénka,18.089306,49.720936,C7EAFB,1,PM10 1h,5
Studénka,18.089306,49.720936,C7EAFB,1,O3 1h,5
Studénka,18.089306,49.720936,C7EAFB,-2,PM10 24h,17.2
Studénka,18.089306,49.720936,C7EAFB,-2,PM2_5 1h,3
Studénka,18.089306,49.720936,FFF200,3,General,
Třinec-Kanada,18.643038,49.672379,FFFFFF,-1,SO2 1h,
Třinec-Kanada,18.643038,49.672379,C7EAFB,1,NO2 1h,24.7
Třinec-Kanada,18.643038,49.672379,FFFFFF,-1,CO 8h,
Třinec-Kanada,18.643038,49.672379,C7EAFB,1,PM10 1h,7
Třinec-Kanada,18.643038,49.672379,FFFFFF,-1,O3 1h,
Třinec-Kanada,18.643038,49.672379,C7EAFB,-2,PM10 24h,
Třinec-Kanada,18.643038,49.672379,FFFFFF,-1,PM2_5 1h,
Třinec-Kanada,18.643038,49.672379,C7EAFB,1,General,
Třinec-Kosmos,18.677799,49.668114,FFFFFF,-1,SO2 1h,
Třinec-Kosmos,18.677799,49.668114,FFFFFF,-1,NO2 1h,
Třinec-Kosmos,18.677799,49.668114,FFFFFF,-1,CO 8h,
Třinec-Kosmos,18.677799,49.668114,C7EAFB,1,PM10 1h,13
Třinec-Kosmos,18.677799,49.668114,C7EAFB,1,O3 1h,23.3
Třinec-Kosmos,18.677799,49.668114,C7EAFB,-2,PM10 24h,20.5
Třinec-Kosmos,18.677799,49.668114,C7EAFB,-2,PM2_5 1h,22
Třinec-Kosmos,18.677799,49.668114,C7EAFB,1,General,
Věřňovice,18.422873,49.924679,FFFFFF,0,SO2 1h,
Věřňovice,18.422873,49.924679,FFFFFF,0,NO2 1h,
Věřňovice,18.422873,49.924679,FFFFFF,-1,CO 8h,
Věřňovice,18.422873,49.924679,FFFFFF,0,PM10 1h,
Věřňovice,18.422873,49.924679,FFFFFF,-1,O3 1h,
Věřňovice,18.422873,49.924679,C7EAFB,-2,PM10 24h,24
Věřňovice,18.422873,49.924679,C7EAFB,-2,PM2_5 1h,
Věřňovice,18.422873,49.924679,FFFFFF,0,General,
Vítkov,17.760265,49.775162,C7EAFB,1,SO2 1h,5.6
Vítkov,17.760265,49.775162,C7EAFB,1,NO2 1h,10.5
Vítkov,17.760265,49.775162,C7EAFB,1,CO 8h,386
Vítkov,17.760265,49.775162,9BD3AE,2,PM10 1h,24
Vítkov,17.760265,49.775162,9BD3AE,2,O3 1h,53.5
Vítkov,17.760265,49.775162,C7EAFB,-2,PM10 24h,19.9
Vítkov,17.760265,49.775162,FFFFFF,-1,PM2_5 1h,
Vítkov,17.760265,49.775162,9BD3AE,2,General,
